,COORD.COOR2,SM.SM1,SM.SM1,SM.SM1,SM.SM1,SM.SM1,SM.SM1,SM.SM1,SM.SM1,SM.SM1,SM.SM1,SM.SM1,SM.SM1,SM.SM1,SM.SM1,SM.SM1,SM.SM1,SM.SM1,SM.SM1,SM.SM1,SM.SM1,SM.SM1,SM.SM1,SM.SM1,SM.SM1,SM.SM1,SM.SM1,SM.SM1,SM.SM1,SM.SM1,SM.SM1,SM.SM1,SM.SM1,SM.SM1,SM.SM1,SM.SM1,SM.SM1,SM.SM1,SM.SM1,SM.SM1,SM.SM1,SM.SM1,SM.SM1,SM.SM1,SM.SM1,SM.SM1,SM.SM1,SM.SM1,SM.SM1,SM.SM1,SM.SM1,SM.SM1,SM.SM1,SM.SM1,SM.SM1,SM.SM1,SM.SM1,SM.SM1,SM.SM1,SM.SM1,SM.SM1,SM.SM1,SM.SM1,SM.SM1,SM.SM1,SM.SM1,SM.SM1,SM.SM1,SM.SM1,SM.SM1,SM.SM1,SM.SM1,SM.SM1,SM.SM1,SM.SM1,SM.SM1,SM.SM1,SM.SM1,SM.SM1,SM.SM1,SM.SM1,SM.SM1,SM.SM1,SM.SM1
0,-6.0663e-10,-2.58494e-26,0.0,1.29247e-26,2.58494e-26,4.3175e-22,4.318369999999998e-22,-4.3182e-22,-1.5407399999999998e-33,-2.58494e-26,0.0,0.0,0.0,0.0,-1.5407399999999998e-33,-3.93472e-21,-4.51266e-21,-3.928550000000001e-21,-2.30494e-21,-3.9442999999999995e-31,-5.56454e-21,0.0,1.69058e-14,1.13405e-21,-1.69058e-14,-8.27181e-25,6.762310000000002e-14,1.1834e-13,8.45288e-15,4.63221e-23,1.69058e-14,-8.27181e-25,1.85963e-13,-8.45288e-15,-9.3827e-13,-8.45288e-15,-2.17239e-12,-4.22644e-15,-1.8511799999999998e-12,-3.38115e-14,-3.69285e-13,-1.6472599999999998e-12,-7.819969999999999e-12,-3.53436e-13,-8.97907e-12,-4.5064399999999997e-13,-3.23323e-13,-7.501930000000001e-13,3.83021e-13,-7.60759e-14,-1.26793e-13,-6.67778e-13,-1.85963e-13,-3.38115e-14,-2.53586e-14,2.02869e-13,-2.53586e-13,-2.3837099999999997e-12,1.69058e-14,-4.27716e-12,-2.53586e-13,-3.04304e-13,-3.38115e-14,-3.71927e-13,-6.76231e-13,6.08608e-13,3.38115e-14,-4.2264399999999994e-13,-1.35246e-13,4.05738e-13,3.2121e-13,1.01909e-21,7.77665e-13,-6.762310000000002e-14,-1.69058e-14,1.1665e-12,6.762310000000002e-14,1.69058e-14,1.69058e-14,8.45288e-15,2.06795e-25,2.87248e-21,2.9985300000000004e-24,2.83723e-22
1,-0.2,1.16322e-25,0.0,-6.462349999999999e-27,1.29247e-26,2.15875e-22,2.15906e-22,-2.1591e-22,-7.70372e-34,0.0,-2.1132100000000007e-15,-2.1132100000000007e-15,1.29247e-26,4.2264299999999995e-15,4.2264299999999995e-15,-4.2264299999999995e-15,-2.2563400000000003e-21,-8.45285e-15,-1.1525000000000002e-21,-4.2264299999999995e-15,4.226420000000001e-15,1.29247e-26,3.47284e-20,1.09888e-13,-8.45288e-15,-7.69213e-13,-1.05661e-12,-2.9373799999999997e-12,-6.707360000000001e-12,-6.00155e-13,8.27115e-12,2.27805e-12,8.51205e-12,-1.17495e-12,-2.71338e-12,3.79957e-12,-1.17263e-11,2.52424e-11,2.60983e-12,1.6884599999999999e-12,-7.237779999999999e-13,7.61732e-11,-9.93425e-12,-7.16118e-13,-8.19623e-11,-3.62955e-11,3.21421e-12,-8.0688e-11,-1.46222e-12,1.0933e-11,3.4361e-12,1.80596e-11,1.23454e-11,5.11399e-13,5.536640000000002e-13,2.07391e-11,-3.12757e-13,-4.784330000000001e-12,4.22643e-14,-1.44629e-11,-3.98976e-12,-6.66087e-12,-1.85963e-13,-6.59325e-13,-1.0058899999999999e-12,2.53586e-13,3.38116e-13,-1.47925e-12,-1.7412900000000001e-12,8.199299999999999e-13,3.81225e-12,2.75564e-12,-5.6296199999999996e-12,1.3017399999999999e-12,-5.03792e-12,-1.65676e-12,2.85707e-12,-8.45288e-14,-1.0988700000000001e-12,-3.80379e-13,-5.91702e-14,-4.226420000000001e-15,1.9864300000000001e-13,8.030239999999999e-14
2,-0.4,7.75482e-26,5.28303e-16,0.0,2.58494e-26,1.29247e-26,-1.29247e-26,2.1132100000000007e-15,0.0,1.9387e-26,-2.1132100000000007e-15,-2.1132100000000007e-15,-4.2264299999999995e-15,4.2264299999999995e-15,4.2264299999999995e-15,0.0,4.2264299999999995e-15,-8.45285e-15,-1.26793e-14,-8.452859999999999e-15,0.0,-8.45285e-15,-3.38105e-14,2.0287e-13,6.462349999999999e-27,-3.25436e-12,-4.74207e-12,-4.66177e-12,-1.25272e-11,-2.5316400000000003e-12,9.45455e-12,4.41241e-12,1.59633e-11,-4.88577e-12,-7.35401e-12,9.88987e-12,-2.29348e-11,5.68477e-11,-2.64153e-13,7.23355e-12,-1.44492e-12,7.37445e-11,-7.40208e-12,-1.43065e-12,-1.8007299999999998e-10,-5.32804e-11,1.49032e-11,-5.55782e-11,-9.81459e-13,2.77814e-11,4.86041e-12,4.05844e-11,2.37315e-11,2.32032e-12,9.25591e-13,3.41835e-11,-1.01435e-13,-9.55176e-12,6.762280000000002e-14,-3.23407e-11,-6.4749099999999995e-12,-1.28399e-11,-6.25513e-13,-1.2679299999999998e-12,-1.31865e-12,6.25513e-13,7.18496e-13,-1.72439e-12,-6.71159e-12,1.63141e-12,6.517169999999999e-12,1.16734e-11,-7.05816e-12,5.7902199999999995e-12,-2.11068e-11,-1.21383e-11,1.17072e-11,-4.3109700000000004e-13,-4.64908e-12,-2.53582e-14,-4.078510000000001e-13,-4.22639e-15,6.12834e-13,7.60759e-14
3,-0.6,-1.8094599999999998e-25,0.0,1.05661e-15,-1.05661e-15,2.1132100000000007e-15,-5.16988e-26,2.1132100000000007e-15,1.03398e-25,5.81611e-26,-2.1132100000000007e-15,6.462349999999999e-27,-4.2264299999999995e-15,4.2264299999999995e-15,8.45287e-15,8.45285e-15,8.45288e-15,4.2264299999999995e-15,-3.803780000000001e-14,-8.45288e-15,-4.22635e-15,-8.45285e-15,-2.53576e-14,1.94417e-13,8.45281e-15,-3.86297e-12,-1.06337e-11,-2.38794e-12,-1.18974e-11,-5.562000000000001e-12,-4.46735e-12,4.54765e-12,1.56082e-11,-5.23656e-12,-1.36387e-11,9.568660000000001e-12,-2.75648e-11,2.67196e-11,-1.47693e-11,1.59844e-11,-2.1779400000000003e-12,-8.67229e-11,5.44577e-12,-2.13964e-12,-1.21566e-10,-1.86914e-11,7.55529e-12,1.59733e-10,3.61414e-12,2.43622e-11,9.12911e-13,1.47608e-11,2.37484e-11,5.24501e-12,5.91702e-13,2.25861e-11,5.66343e-13,-1.43023e-11,6.762280000000002e-14,-4.00836e-11,-4.40395e-12,-1.35922e-11,-1.24257e-12,-1.91035e-12,-1.08197e-12,1.85963e-12,3.38116e-13,-1.6903299999999995e-14,-1.4353e-11,2.4344299999999998e-12,5.38449e-12,1.18171e-11,2.31609e-12,7.10887e-12,-1.60605e-11,-2.995699999999999e-11,2.5570000000000002e-11,-1.0058899999999999e-12,-4.56455e-12,1.5215200000000002e-12,-1.21088e-12,-8.45377e-15,8.727610000000001e-13,-1.0566099999999999e-13
4,-0.8,-4.3944e-25,0.0,1.05661e-15,-1.05661e-15,2.1132100000000007e-15,-3.87741e-26,2.1132100000000007e-15,4.5045200000000015e-22,-2.1132100000000007e-15,-2.1132100000000007e-15,-2.1132100000000007e-15,-4.2264299999999995e-15,4.2264299999999995e-15,8.45287e-15,1.99053e-20,4.2264600000000004e-15,4.2264299999999995e-15,-1.6905700000000005e-14,-8.452710000000002e-15,7.975580000000001e-20,0.0,1.69127e-14,2.282280000000001e-13,4.22642e-14,-1.91035e-12,-1.86724e-11,-7.26948e-13,-1.3642999999999999e-11,-9.67855e-12,5.88321e-12,5.5789e-12,1.80976e-11,-1.12423e-12,-2.14661e-11,5.04214e-12,-3.50266e-11,1.8702e-12,-1.06253e-11,2.79051e-11,-2.90489e-12,-9.4424e-12,2.86658e-11,-2.85232e-12,-7.62371e-11,1.27864e-11,-2.4008000000000002e-11,1.27977e-10,1.62546e-12,7.39151e-12,-2.71126e-12,-7.38359e-12,2.86595e-11,9.27281e-12,3.93059e-13,1.52067e-11,1.6398599999999998e-12,-1.90528e-11,5.91709e-14,-4.11317e-11,-2.89089e-12,-1.67367e-11,-9.6363e-13,-2.58658e-12,-3.38115e-13,2.73873e-12,-8.13152e-20,-2.7049099999999996e-13,-1.33217e-11,3.1951900000000002e-12,4.91958e-12,3.55021e-13,1.12085e-11,4.09965e-12,1.61619e-11,-1.57308e-11,2.33384e-11,-1.8173700000000002e-12,2.74721e-13,1.76243e-12,-8.3895e-13,-8.45381e-15,-1.3735899999999999e-13,-3.0853e-13
5,-1.0,-3.87741e-25,5.28303e-16,1.05661e-15,1.0565999999999999e-15,-6.46235e-26,6.46235e-26,0.0,4.2264299999999995e-15,0.0,2.1132100000000007e-15,0.0,0.0,-1.03398e-25,9.34501e-22,-4.22641e-15,2.58494e-26,-4.2264299999999995e-15,5.071740000000001e-14,4.22659e-15,4.2264299999999995e-15,5.16988e-26,1.69127e-14,5.07171e-14,8.452819999999998e-14,-3.12757e-13,-1.43361e-11,6.12834e-13,-2.4428799999999998e-12,-1.57012e-11,1.73664e-11,2.5358599999999997e-12,4.894219999999999e-12,-2.66266e-12,-3.20195e-11,1.52575e-12,-2.92427e-11,2.65146e-11,-5.63807e-12,4.53613e-11,-3.6276099999999997e-12,6.85967e-11,-1.65296e-11,-3.56527e-12,-1.56257e-10,4.74966e-11,-3.37325e-11,-1.5675999999999998e-10,-6.48495e-13,-7.99795e-12,-6.667210000000001e-12,8.16971e-12,1.06506e-11,6.0734e-12,2.70492e-13,1.05407e-11,3.4403199999999996e-12,-2.37949e-11,-2.53576e-14,-4.34394e-11,-1.54688e-12,-9.00232e-12,2.7049099999999996e-13,-3.24591e-12,1.31865e-12,5.47747e-12,1.69058e-13,-2.40062e-12,-3.33044e-12,3.93904e-12,4.894219999999999e-12,2.90779e-12,2.10899e-11,2.0117900000000007e-12,2.12252e-11,3.28141e-11,4.53074e-12,-3.00077e-12,-4.944930000000002e-13,7.31175e-13,9.4461e-13,2.11321e-14,-1.87865e-12,7.10042e-13
6,-1.2,-2.32645e-25,-5.28301e-16,6.24687e-21,-7.0939e-21,-5.16989e-26,-5.16988e-26,-2.1132100000000007e-15,2.1132100000000007e-15,0.0,2.1132100000000007e-15,-2.1132100000000007e-15,4.2264299999999995e-15,4.2264299999999995e-15,9.3452e-22,4.22644e-15,4.2264299999999995e-15,0.0,7.18497e-14,-4.2264299999999995e-15,4.2264299999999995e-15,5.16988e-26,-2.53589e-14,-1.09888e-13,1.43698e-13,1.20876e-12,3.1867400000000002e-12,1.8385e-12,8.25001e-12,-1.11113e-11,7.07506e-12,4.2263800000000014e-15,-7.70058e-12,-4.69558e-12,-4.70361e-11,-1.65677e-12,-2.48937e-11,7.364569999999999e-12,-1.74573e-11,3.03279e-11,-4.3527099999999995e-12,-8.96898e-11,-1.36086e-10,-4.2872e-12,-1.24853e-10,-4.58265e-12,-2.34076e-11,-1.91432e-10,3.04449e-12,-6.37638e-12,-1.55956e-12,-1.14431e-11,-4.90267e-12,-4.9238e-12,1.9019000000000002e-13,7.658310000000001e-12,6.390380000000001e-12,-2.84609e-11,-9.29814e-14,-4.57554e-11,0.0,-2.40062e-12,5.07172e-13,-3.85451e-12,4.6068199999999995e-12,8.13167e-12,3.4656799999999996e-13,-4.12501e-12,-5.02101e-12,4.640630000000001e-12,5.1478e-12,6.07762e-12,1.37106e-11,4.564560000000002e-13,4.22644e-14,4.61443e-11,7.51461e-12,-4.80124e-12,-1.35669e-12,-1.69058e-13,1.33978e-12,1.6905900000000004e-14,-1.8385e-12,1.62295e-12
7,-1.4,-3.6189199999999996e-25,-5.28301e-16,-1.05661e-15,-1.05661e-15,-9.860760000000001e-32,2.11322e-15,1.16322e-25,-2.1132100000000007e-15,0.0,2.1132100000000007e-15,-2.1131999999999997e-15,0.0,4.2264299999999995e-15,6.46235e-26,4.22644e-15,8.45287e-15,4.2264299999999995e-15,5.49438e-14,-1.6905700000000005e-14,-2.06795e-25,-8.45285e-15,-4.226459999999999e-14,-3.381140000000001e-14,2.70492e-13,-3.63473e-13,5.09709e-12,3.1487e-12,4.87731e-12,4.99143e-12,-1.8216e-12,2.66689e-12,-3.2966199999999997e-12,-2.15548e-12,-3.47667e-11,-5.1309e-12,-3.69645e-11,-1.034e-11,-2.83277e-11,-2.01242e-11,-5.08494e-12,-8.912510000000003e-12,-1.77511e-10,-5.00516e-12,-9.6814e-11,-5.66174e-11,-1.69496e-11,1.72877e-11,6.4479599999999995e-12,1.26126e-11,3.5459800000000002e-12,-3.16877e-11,7.86963e-12,-7.68367e-12,1.47925e-13,5.8916599999999996e-12,1.12339e-11,-3.30592e-11,-8.45285e-14,-5.63131e-11,2.1808400000000002e-12,-9.27281e-12,-1.60605e-13,-4.49693e-12,-2.0286900000000003e-12,8.824810000000003e-12,5.74796e-13,-5.55354e-12,-7.35401e-12,5.2746e-12,5.58736e-12,-3.3896099999999997e-12,7.1934e-12,-7.94571e-13,-2.12167e-11,2.64153e-11,1.18171e-11,-7.59914e-12,3.1867400000000002e-12,-1.11578e-12,4.2053100000000015e-13,-2.1132e-14,-4.944939999999998e-13,8.199299999999999e-13
8,-1.6,1.03398e-25,1.55096e-25,-5.81611e-26,1.9387000000000003e-25,2.11322e-15,4.22644e-15,1.03398e-25,2.1132100000000007e-15,2.1131999999999997e-15,-2.1132100000000007e-15,-2.1131799999999998e-15,1.29247e-26,0.0,-5.16988e-26,4.22644e-15,8.45287e-15,-8.45285e-15,4.22644e-14,-8.45285e-15,-1.55096e-25,-8.45285e-15,-1.6905700000000005e-14,8.45285e-15,4.649100000000001e-13,-1.98643e-12,-8.28382e-12,4.7674300000000004e-12,2.4471099999999997e-12,8.34722e-12,-1.10775e-11,6.67779e-13,-5.071740000000001e-14,-1.26795e-14,7.53997e-12,-3.4656800000000002e-12,-3.35791e-11,1.89598e-11,-3.96292e-11,-3.29071e-11,-5.81426e-12,7.46791e-11,-1.45776e-10,-5.71943e-12,-1.87971e-10,-2.17498e-11,-1.29636e-11,-4.85998e-11,1.00901e-11,1.58861e-11,-4.1207799999999995e-13,-1.82096e-11,-6.18751e-12,-2.76409e-12,1.39472e-13,4.8688599999999995e-12,5.16471e-12,-3.76238e-11,-8.45285e-14,-7.54251e-11,-3.56712e-12,-3.4572300000000002e-12,-7.94571e-13,-5.13935e-12,-1.95938e-11,9.6701e-12,2.62039e-13,-6.9144600000000004e-12,6.424189999999998e-13,5.82404e-12,6.14524e-12,5.07173e-13,1.98812e-11,-1.98643e-12,-1.63225e-11,8.63885e-12,-2.7810000000000004e-12,-1.19186e-11,2.68802e-12,-7.22722e-13,-4.078510000000001e-13,-1.69058e-14,7.54421e-13,-3.33889e-13
9,-1.8,-4.65289e-25,0.0,5.16988e-26,1.05661e-15,2.11322e-15,2.1132100000000007e-15,5.16988e-26,2.1132100000000007e-15,-2.1132300000000002e-15,-2.1132100000000007e-15,-2.1131900000000007e-15,2.1972e-25,0.0,-1.03398e-25,4.22644e-15,8.45288e-15,-1.69058e-14,2.95851e-14,-1.26793e-14,4.2264299999999995e-15,-1.55096e-25,1.03398e-25,5.917e-14,2.28229e-13,-6.931359999999999e-13,-7.3371e-12,6.9736300000000004e-12,5.02947e-13,-4.14191e-13,2.6373e-12,-1.1960799999999999e-12,2.6203900000000003e-12,2.17239e-12,1.99065e-11,3.66855e-12,-2.99063e-11,2.88032e-12,-3.34734e-11,-1.05323e-11,-6.54174e-12,-7.47541e-11,-1.18085e-10,-6.43027e-12,-1.63831e-10,1.00707e-11,-1.05323e-11,-1.22193e-10,7.707439999999999e-12,4.12144e-12,-4.03836e-12,-6.25936e-12,-2.08786e-11,1.74975e-12,1.56378e-13,4.33633e-12,-1.29836e-11,-4.20615e-11,-8.452810000000002e-14,-8.63124e-11,-9.19674e-12,2.56968e-12,-1.51306e-12,-5.76487e-12,-2.62208e-11,1.05492e-11,-3.38124e-14,-8.165480000000001e-12,-2.09631e-12,6.20442e-12,6.762310000000001e-12,4.58146e-12,1.41163e-11,-3.34734e-12,1.56801e-11,-1.11155e-11,2.9416e-12,-1.86302e-11,-2.93315e-12,1.11155e-12,-1.3144200000000002e-12,1.6897900000000005e-14,2.15548e-12,-1.54265e-12
10,-2.0,-1.18907e-24,5.28305e-16,-1.05661e-15,-1.05661e-15,-2.11322e-15,6.462349999999999e-27,0.0,5.16988e-26,-2.1132100000000007e-15,2.1132100000000007e-15,2.1131999999999997e-15,4.1359e-25,-5.16988e-26,-5.16988e-26,-4.2264299999999995e-15,1.26793e-14,-8.4529e-15,2.53587e-14,-1.26792e-14,4.22639e-15,1.55096e-25,5.16988e-26,1.35245e-13,-4.64906e-13,4.56454e-13,8.10632e-12,1.9610700000000002e-12,-1.33978e-12,-9.30662e-12,1.6855000000000003e-11,1.88499e-12,5.15626e-12,-6.21287e-13,5.1055400000000005e-12,5.47324e-12,-4.10493e-11,-1.26941e-11,-2.7307e-11,9.98497e-12,-7.26895e-12,2.0036e-11,-8.59663e-11,-7.13846e-12,-1.40604e-10,4.5073e-11,-9.03243e-12,6.23215e-11,5.52396e-12,-6.51068e-12,-7.99009e-12,6.7897800000000006e-12,-1.01096e-11,6.7749899999999996e-12,1.85963e-13,4.0827400000000004e-12,-1.88922e-11,-4.62964e-11,-9.2981e-14,-8.94399e-11,-6.627060000000001e-12,-3.57557e-12,-1.25103e-12,-6.42419e-12,-2.29496e-11,1.14959e-11,1.52152e-13,-9.41651e-12,-4.73361e-12,6.288940000000001e-12,7.43854e-12,-4.20954e-12,8.402160000000001e-12,-5.07173e-12,2.03968e-11,2.16394e-12,9.03613e-12,-1.12254e-11,-3.46145e-12,1.5511e-12,-9.08684e-13,1.26716e-14,1.58914e-12,-4.9872e-13
11,-2.2,-5.16988e-26,1.58492e-15,-1.05661e-15,-1.05661e-15,-4.22644e-15,-1.0986e-25,5.16988e-26,2.1132300000000002e-15,-2.58494e-25,-3.6189199999999996e-25,-4.2263999999999994e-15,4.2264299999999995e-15,4.2264299999999995e-15,0.0,1.2282e-20,1.6905700000000005e-14,-4.2264299999999995e-15,2.11322e-14,-8.45267e-15,8.45281e-15,1.03398e-25,-5.16988e-26,2.02868e-13,-6.846800000000001e-13,1.70748e-12,8.78255e-12,-3.08953e-12,-3.42764e-12,-6.3608e-12,9.16292e-12,1.5637999999999999e-13,7.9922e-12,-3.4741300000000003e-12,-5.09709e-12,2.31609e-12,-5.16704e-11,1.82012e-11,-3.85515e-11,3.2738e-11,-7.9885e-12,1.25509e-10,-1.26339e-10,-7.85035e-12,-2.3481799999999995e-10,-6.928860000000001e-12,-8.02522e-12,-1.76206e-11,9.81129e-12,-1.80336e-11,-2.8782e-12,-1.43403e-11,-5.53662e-13,4.23489e-12,1.94416e-13,4.01512e-12,-1.35753e-11,-5.0227e-11,-1.0988699999999997e-13,-9.30831e-11,-4.30252e-12,-9.26436e-12,-9.21572e-19,-7.100419999999999e-12,-2.14196e-11,1.25441e-11,3.12757e-13,-1.08028e-11,3.6347400000000003e-12,5.92547e-12,8.14013e-12,2.3668e-13,2.12421e-11,-1.6398599999999998e-12,-1.2172200000000001e-12,5.06581e-11,-4.42931e-12,1.17326e-11,9.72081e-13,6.46646e-13,8.896649999999999e-13,-2.11321e-14,-1.06295e-12,4.606810000000001e-13
12,-2.4,4.1359e-25,1.05661e-15,1.05661e-15,-2.5411e-21,-2.11322e-15,-3.1019299999999997e-25,4.1359e-25,1.2282e-20,-2.1132100000000007e-15,-5.16988e-26,-4.22639e-15,4.226420000000001e-15,9.740879999999999e-21,-1.55096e-25,4.22645e-15,1.26793e-14,-8.45278e-15,1.69058e-14,-8.45281e-15,1.6905700000000005e-14,-8.45285e-15,-1.55096e-25,5.9169e-14,-4.90267e-13,-2.53588e-14,-5.17316e-12,-9.9744e-13,-6.16215e-12,8.985410000000003e-12,3.1951900000000002e-12,-1.52997e-12,1.161e-11,-1.4539e-12,-1.23201e-11,-3.0853e-13,-6.30099e-11,3.4783599999999997e-12,-4.92993e-11,2.0755e-11,-8.72443e-12,1.00558e-11,-2.43992e-10,-8.56462e-12,-2.12626e-10,-5.90162e-11,-7.1757e-12,-9.77074e-11,7.59597e-12,-1.42352e-11,2.2379e-12,-3.54112e-11,9.76731e-12,-6.34811e-12,2.07096e-13,4.07429e-12,-9.796889999999999e-12,-5.36673e-11,-1.01434e-13,-9.62699e-11,-1.70748e-12,-1.55702e-11,2.87397e-13,-7.77665e-12,-2.09209e-11,1.35922e-11,5.24079e-13,-1.23581e-11,2.0117900000000007e-12,8.12322e-12,8.917789999999997e-12,4.85195e-12,1.49616e-11,1.8089200000000001e-12,-2.30764e-11,6.4766e-11,1.99488e-12,1.9112000000000003e-11,-3.38121e-14,-1.90189e-13,1.2954e-12,-1.6905700000000005e-14,-1.5320799999999999e-12,-1.03971e-12
13,-2.6,-3.6189199999999996e-25,-5.28306e-16,2.11322e-15,-2.11322e-15,2.11322e-15,-2.06795e-25,-2.11322e-15,-2.1132100000000007e-15,0.0,2.1132100000000007e-15,2.06795e-25,-9.346309999999999e-21,-4.226420000000001e-15,-4.2264299999999995e-15,4.2264299999999995e-15,1.6905700000000005e-14,-8.45278e-15,8.45291e-15,-1.26793e-14,1.69058e-14,-8.45255e-15,8.45288e-15,-7.607660000000002e-14,-3.71927e-13,-1.7751099999999999e-12,-4.24335e-12,4.05738e-13,-1.00632e-11,1.23074e-11,-2.20198e-12,1.6483099999999999e-12,1.66395e-11,3.67701e-13,-1.76158e-11,-2.92047e-12,-5.97006e-11,-1.07774e-11,-6.09537e-11,-2.82601e-11,-9.45402e-12,-9.52893e-11,-2.86143e-10,-9.2847e-12,-1.9066e-10,-2.43167e-11,-6.1684900000000005e-12,8.65596e-11,5.1313e-12,5.69265e-12,-1.7117099999999998e-12,-2.21677e-11,-5.8663e-12,-8.86285e-12,2.4936e-13,4.26025e-12,-6.75385e-12,-5.63469e-11,-9.29811e-14,-1.07377e-10,-7.3202e-12,-9.83915e-12,-3.2121e-13,-8.45288e-12,-2.1072999999999998e-11,1.46404e-11,7.10043e-13,-1.42177e-11,-9.82225e-12,1.31189e-11,9.69546e-12,-3.3135300000000003e-12,7.9119e-12,1.60605e-13,-1.91796e-11,4.682899999999999e-11,8.5036e-12,1.23666e-11,-1.05661e-12,-1.0904200000000001e-12,3.90945e-13,8.45381e-15,9.298220000000001e-14,-1.85965e-13
14,-2.8,6.203850000000001e-25,-5.28306e-16,4.658680000000001e-21,-1.05661e-15,9.952639999999999e-21,2.1132100000000007e-15,-4.2264299999999995e-15,-2.1131900000000007e-15,0.0,2.1132100000000007e-15,2.06795e-25,-4.2264299999999995e-15,4.22644e-15,-4.2264299999999995e-15,8.45285e-15,2.53586e-14,-1.26793e-14,-4.2264299999999995e-15,-1.26793e-14,1.69058e-14,3.0142200000000004e-19,8.45288e-15,8.45285e-15,-2.95851e-13,-5.57891e-13,1.17157e-11,1.3609100000000001e-12,-2.0287e-13,4.23489e-12,-8.10209e-12,-2.9584e-14,5.04637e-12,2.3541299999999998e-12,-2.16985e-11,-6.03113e-12,-5.69428e-11,2.16394e-11,-5.569600000000001e-11,-4.09817e-11,-1.01786e-11,-2.10449e-10,-2.57963e-10,-9.9884e-12,-2.85591e-10,7.26103e-12,-4.69478e-12,1.23872e-11,8.6329e-12,8.88606e-12,-5.32532e-12,-9.85606e-12,-2.15379e-11,-3.81648e-12,2.87398e-13,4.51807e-12,-3.7108199999999985e-12,-5.786e-11,-7.60753e-14,-1.26869e-10,-1.30597e-11,-4.53074e-12,-8.53741e-13,-9.112210000000001e-12,-2.16478e-11,1.57562e-11,8.791e-13,-1.40487e-11,-1.14452e-11,1.53251e-11,1.0414e-11,1.9610700000000002e-12,1.8292000000000003e-11,-1.05661e-12,1.12001e-11,3.21886e-11,-4.67444e-12,7.987969999999999e-12,3.34311e-12,-6.508729999999998e-13,-4.37437e-13,0.0,1.7307299999999998e-12,6.55098e-13
15,-3.0,1.13737e-24,5.28303e-16,-1.05661e-15,1.05661e-15,-2.1132100000000007e-15,2.1132100000000007e-15,-2.1132100000000007e-15,1.50348e-20,3.81165e-21,1.29247e-25,2.1132100000000007e-15,1.65171e-20,1.69407e-20,-1.03398e-25,4.2264299999999995e-15,1.26793e-14,-2.11321e-14,-2.11321e-14,-1.69058e-14,1.69058e-14,8.45291e-15,-1.03398e-25,4.22643e-14,-2.45133e-13,5.57891e-13,1.35584e-11,2.0286900000000003e-12,9.65319e-12,-3.1317900000000003e-12,-1.56547e-11,-1.68635e-12,-6.58057e-12,-5.62117e-13,-2.50121e-11,-4.13346e-12,-7.00321e-11,8.96217e-12,-5.11104e-11,-1.99034e-11,-1.0909e-11,-1.04366e-10,-2.37121e-10,-1.06969e-11,-2.6374800000000003e-10,4.20919e-11,-2.38213e-12,-5.4995e-11,1.18204e-11,-3.9568099999999996e-12,-9.25802e-12,4.23489e-12,-1.1347999999999999e-11,7.43854e-13,3.12757e-13,4.79278e-12,1.09888e-13,-6.62283e-11,-5.917e-14,-1.3801e-10,-1.08535e-11,-1.22651e-11,-1.3947299999999999e-12,-9.80534e-12,-2.24678e-11,1.68381e-11,5.8325e-13,-1.17072e-11,-3.17828e-12,1.49531e-11,1.12085e-11,7.827369999999999e-12,2.78945e-11,-2.0286900000000003e-12,1.33978e-11,1.75313e-11,1.9188e-12,5.1309e-12,2.76832e-12,1.20454e-12,-1.34401e-12,-4.2273800000000005e-15,1.31231e-12,-9.21364e-13
16,-3.2,7.23783e-25,5.28303e-16,-7.75482e-26,1.05661e-15,0.0,0.0,2.11322e-15,2.1132100000000007e-15,2.11322e-15,-2.11322e-15,1.99053e-20,8.45287e-15,-4.2264299999999995e-15,-4.22644e-15,8.45281e-15,1.26793e-14,-2.95849e-14,5.75982e-20,-2.11322e-14,1.26793e-14,8.45291e-15,2.9909e-20,1.01435e-13,-2.1132199999999997e-13,1.79201e-12,1.6145e-12,2.51051e-12,5.75219e-12,-1.1255e-11,-1.15804e-12,1.5172899999999999e-12,-1.65677e-12,-3.4868099999999998e-12,-2.78311e-11,3.1444700000000002e-12,-6.72828e-11,-2.3013e-12,-6.49498e-11,-2.3034099999999998e-12,-1.16248e-11,-8.6473e-12,-2.1639e-10,-1.14198e-11,-2.41997e-10,-9.99078e-12,1.31839e-12,1.51467e-10,1.51845e-11,-1.68821e-11,-4.120780000000001e-12,-1.49764e-11,-2.11745e-12,5.7437300000000014e-12,3.63474e-13,5.143580000000001e-12,5.47747e-12,-8.21789e-11,-1.35246e-13,-1.41307e-10,-9.25591e-12,-6.9736300000000004e-12,-2.0456e-12,-1.04985e-11,-2.34821e-11,1.79539e-11,3.38116e-13,-1.15889e-11,-5.95083e-12,1.50377e-11,1.20115e-11,1.55533e-12,3.82831e-11,-2.93315e-12,-1.22313e-11,-4.2264499999999996e-13,8.537410000000001e-12,3.24591e-12,-2.8951099999999998e-12,1.6483099999999999e-12,-9.34043e-13,2.11321e-14,-1.2468e-12,-1.1411300000000005e-13
17,-3.4,1.86116e-24,-5.16988e-26,-2.58494e-25,-7.76516e-23,5.16988e-26,1.29247e-26,2.11322e-15,2.58494e-26,-1.03398e-25,-4.22644e-15,2.81638e-20,4.2264299999999995e-15,-4.2264299999999995e-15,-4.22644e-15,1.26792e-14,3.381140000000001e-14,-2.53586e-14,7.18495e-14,-1.26793e-14,1.26792e-14,1.55096e-25,-8.45282e-15,1.52152e-13,-2.02869e-13,4.22652e-14,-1.03548e-11,2.86975e-12,3.00923e-12,-8.03024e-12,1.30512e-11,-1.56379e-13,1.76243e-12,-1.5130700000000001e-12,-3.03501e-11,5.03792e-12,-6.40433e-11,3.45892e-11,-6.04423e-11,1.52796e-11,-1.23552e-11,-1.56975e-10,-1.8869e-10,-1.21368e-11,-3.37162e-10,-6.21789e-11,7.226689999999999e-12,1.138e-10,1.24094e-11,-1.39648e-11,1.0228e-12,-3.28711e-11,8.004880000000001e-12,3.1148900000000007e-12,4.2264399999999994e-13,5.53241e-12,-3.46569e-13,-9.05726e-11,-2.02868e-13,-1.4501800000000002e-10,-7.88654e-12,-1.25948e-12,-1.74975e-12,-1.11747e-11,-2.45134e-11,1.91542e-11,5.66343e-13,-1.34485e-11,-8.97696e-12,1.5435e-11,1.27977e-11,-4.1672699999999995e-12,3.12926e-11,-3.91368e-12,-1.00927e-11,1.36937e-11,-4.58146e-12,1.9610700000000002e-12,-3.4656800000000002e-12,7.43853e-13,8.70648e-13,1.6905700000000005e-14,-1.6588799999999999e-12,6.93137e-13
18,-3.6,1.34417e-24,0.0,-1.05661e-15,8.27181e-25,-2.1132100000000007e-15,-2.11322e-15,-8.94803e-22,2.1132300000000002e-15,2.11322e-15,-2.1132100000000007e-15,2.11322e-15,5.33531e-23,-3.18908e-19,-4.22644e-15,-1.99053e-20,2.9585e-14,-2.53586e-14,9.72082e-14,-1.26793e-14,2.9585e-14,0.0,-8.45285e-15,1.43699e-13,-1.94416e-13,-1.72439e-12,-8.537410000000001e-12,3.1487e-12,8.74873e-13,7.16804e-12,4.56878e-12,-1.83005e-12,4.2856099999999995e-12,2.78945e-13,-3.26915e-11,1.9314799999999998e-12,-7.54969e-11,2.86024e-11,-5.53262e-11,3.6321e-11,-1.30803e-11,-7.18289e-11,-2.3196e-10,-1.28603e-11,-3.1565800000000006e-10,-2.77027e-11,1.66094e-11,-1.75085e-10,9.64196e-12,5.42142e-12,-2.89722e-12,-1.45876e-11,-7.7851e-12,-7.658310000000001e-12,4.69135e-13,6.01e-12,-1.83005e-11,-9.20857e-11,-1.7751e-13,-1.48247e-10,-6.36502e-12,-7.6245e-12,-4.3109700000000004e-13,-1.18509e-11,-2.54854e-11,2.03038e-11,7.35401e-13,-1.49954e-11,-1.4877100000000001e-12,1.5959e-11,1.36007e-11,-1.04647e-11,2.51051e-11,-5.09709e-12,2.02616e-11,6.21794e-11,2.0202400000000007e-12,1.0228e-12,9.34044e-13,-7.18495e-14,1.28484e-12,-1.2679000000000001e-14,-2.11368e-15,-9.002319999999998e-13
19,-3.8,2.74004e-24,6.720840000000001e-25,-1.05661e-15,-1.05661e-15,-2.1132100000000007e-15,-2.11322e-15,5.16988e-26,-2.1132100000000007e-15,9.317360000000002e-21,2.1132100000000007e-15,2.1132100000000007e-15,-4.2264299999999995e-15,4.2261099999999996e-15,-4.22644e-15,-4.2264299999999995e-15,2.11322e-14,-2.53586e-14,8.4529e-14,-1.26793e-14,4.22643e-14,1.01242e-21,-8.45289e-15,1.7751e-13,-1.77511e-13,-5.15626e-13,7.37937e-12,3.38115e-12,-1.0862e-12,9.88565e-12,-3.11066e-12,1.33133e-12,6.33543e-12,2.25692e-12,-3.49146e-11,-6.846840000000002e-13,-8.63018e-11,-2.15316e-11,-6.72511e-11,2.35709e-11,-1.37975e-11,1.12423e-11,-3.51577e-10,-1.35848e-11,-2.94336e-10,3.2891e-12,5.330069999999999e-12,-2.12398e-10,1.30217e-11,8.29355e-12,-6.48336e-12,-3.25182e-11,-2.35751e-11,-1.04985e-11,4.9872e-13,6.65242e-12,-2.41414e-11,-9.47484e-11,-1.69057e-13,-1.59413e-10,-4.26025e-12,-1.34654e-11,-1.26794e-13,-1.25441e-11,-2.63476e-11,2.13689e-11,9.80534e-13,-1.63901e-11,-4.56456e-12,1.6593e-11,1.43614e-11,-4.58146e-12,3.80633e-11,-6.720039999999999e-12,2.41076e-11,7.54335e-11,8.59658e-12,3.12757e-13,-1.01434e-13,-9.594e-13,3.84606e-13,-1.69054e-14,1.65676e-12,-1.09888e-13
20,-4.0,2.27475e-24,8.27181e-25,-1.05661e-15,1.05661e-15,-3.1019299999999997e-25,-6.462349999999999e-27,2.1132100000000007e-15,-2.11322e-15,-2.1132100000000007e-15,-8.682090000000001e-21,2.1132100000000007e-15,0.0,-1.8094599999999998e-25,-7.88251e-22,8.45287e-15,2.95851e-14,-1.26793e-14,8.030239999999999e-14,-1.26793e-14,4.22644e-14,1.01252e-21,-8.45289e-15,1.77511e-13,-1.43699e-13,6.00155e-13,8.22465e-12,3.58825e-12,-3.24591e-12,6.63551e-13,-1.1534000000000002e-11,-4.01511e-13,8.241560000000001e-12,-6.67778e-13,-3.70448e-11,-3.3050800000000003e-12,-9.7728e-11,-2.75627e-11,-7.84512e-11,-2.53893e-11,-1.45255e-11,-1.43796e-10,-3.95044e-10,-1.43078e-11,-3.89848e-10,3.68573e-11,-2.87517e-11,-5.19166e-12,1.62227e-11,-4.73309e-12,-1.03949e-11,-5.17464e-11,-1.3495e-11,-5.95083e-12,5.28305e-13,7.50616e-12,-1.89936e-11,-9.81295e-11,-1.69058e-13,-1.7893099999999998e-10,-1.01942e-11,-1.98643e-11,-7.438550000000001e-13,-1.32541e-11,-2.69309e-11,2.24339e-11,7.10043e-13,-1.7675e-11,-7.404719999999999e-12,1.73369e-11,1.50884e-11,7.523060000000002e-13,3.25182e-11,-3.26281e-12,2.2062e-12,5.55777e-11,-4.63218e-12,-3.12757e-13,-1.14114e-12,-5.15623e-13,-4.37437e-13,1.6906299999999995e-14,1.2468e-12,6.84683e-13
21,-4.2,-1.08567e-24,1.55096e-25,-4.44692e-21,2.11322e-15,-7.75482e-23,-2.13258e-25,-7.6233e-21,2.1132100000000007e-15,-2.06795e-25,-4.2264299999999995e-15,-5.16988e-26,-1.56701e-20,4.2264299999999995e-15,-7.88251e-22,4.226420000000001e-15,2.95851e-14,-2.11322e-14,7.18495e-14,-1.69058e-14,4.22645e-14,-8.45285e-15,-8.45285e-15,1.77511e-13,-1.0988699999999997e-13,1.8342799999999997e-12,-5.83249e-12,3.77844e-12,-6.02268e-12,-8.630389999999999e-12,2.77677e-12,-2.18507e-12,1.02914e-11,-3.61361e-12,-3.91115e-11,-6.44955e-12,-9.44884e-11,9.26225e-12,-9.03951e-11,-3.72128e-11,-1.52633e-11,-6.07223e-11,-3.67727e-10,-1.50274e-11,-3.68563e-10,-1.73937e-11,-4.00783e-11,-7.19536e-11,1.97338e-11,-1.77267e-11,-5.25135e-12,-3.76724e-11,-4.37014e-12,-2.17239e-12,5.74796e-13,8.71915e-12,-1.54857e-11,-1.01992e-10,-1.69058e-13,-1.90105e-10,-1.61112e-11,-1.42008e-11,-1.29329e-12,-1.39473e-11,-2.70999e-11,2.3499000000000004e-11,3.71927e-13,-1.89514e-11,8.452879999999999e-13,1.81061e-11,1.58153e-11,-7.37937e-12,2.69731e-11,2.02868e-13,-1.94332e-11,3.75815e-11,1.76665e-12,-9.55176e-13,3.25436e-12,1.34401e-12,-1.3419e-12,1.6906299999999995e-14,-1.3059700000000001e-12,-9.17138e-13
22,-4.4,-2.63664e-24,-5.28305e-16,-3.81165e-21,-1.05661e-15,-7.734139999999998e-23,-3.51552e-23,-7.6233e-21,-2.11322e-15,2.1132100000000007e-15,-2.1132100000000007e-15,2.1132100000000007e-15,-8.45287e-15,8.452859999999999e-15,1.03398e-25,-4.22645e-15,2.11322e-14,-3.38116e-14,6.7623e-14,-1.69058e-14,4.64909e-14,-8.45285e-15,-8.45285e-15,2.1132199999999997e-13,-1.60605e-13,9.29817e-14,-5.32532e-12,3.9601800000000014e-12,-9.94482e-12,-6.13679e-12,1.74298e-11,7.90345e-13,1.28146e-11,-1.6694400000000002e-12,-4.11613e-11,-4.640630000000001e-12,-9.17835e-11,-2.07096e-12,-8.53255e-11,-1.41501e-11,-1.59902e-11,2.46539e-11,-3.47521e-10,-1.57461e-11,-3.4753e-10,-7.29972e-11,-3.07542e-11,-1.45941e-10,1.72673e-11,-1.47648e-11,-1.0988699999999997e-13,-2.53903e-11,5.70147e-12,1.62295e-12,6.08607e-13,1.04647e-11,-1.28399e-11,-1.0614299999999998e-10,-1.69057e-13,-1.93393e-10,-1.40149e-11,-8.94315e-12,-1.8342799999999997e-12,-1.46573e-11,-2.66012e-11,2.44626e-11,6.08608e-13,-2.03376e-11,-8.791e-13,1.88246e-11,1.65846e-11,-2.72183e-12,3.9922999999999996e-11,-1.43699e-12,-1.47165e-11,1.74721e-11,8.004880000000001e-12,-1.6905799999999999e-12,2.67111e-12,1.7793299999999999e-12,-9.25591e-13,-2.11321e-14,-1.72228e-12,-1.26794e-13
23,-4.6,-1.49926e-24,0.0,-2.1132100000000007e-15,-1.05661e-15,-4.67357e-23,-3.49484e-23,-7.6233e-21,2.5411e-21,2.1132100000000007e-15,-4.1359e-25,2.1132100000000007e-15,-8.45285e-15,-1.60936e-20,5.16988e-26,-4.226420000000001e-15,2.11322e-14,-2.9585e-14,5.91702e-14,-1.26793e-14,5.07173e-14,0.0,-8.45285e-15,2.02869e-13,-2.87398e-13,-1.63141e-12,9.85606e-12,4.14191e-12,-1.01434e-13,8.65575e-12,1.01096e-11,-1.23835e-12,1.6238e-11,8.87551e-14,-4.32069e-11,2.50205e-12,-1.04911e-10,-1.47608e-11,-8.08497e-11,6.9334800000000005e-12,-1.67061e-11,-1.23362e-10,-3.2737000000000003e-10,-1.64712e-11,-4.43539e-10,-4.3841e-11,-2.49022e-11,3.83819e-11,1.50406e-11,4.7585e-12,-4.0235699999999996e-12,-1.21447e-11,-1.01054e-11,6.20442e-12,6.46645e-13,1.30174e-11,-1.05407e-11,-1.1042e-10,-1.43698e-13,-1.97138e-10,-1.25187e-11,-1.67283e-11,-2.4513400000000003e-12,-1.53673e-11,-2.49783e-11,2.53417e-11,8.452879999999999e-13,-2.1892999999999998e-11,-1.27977e-11,1.95515e-11,1.73453e-11,1.8173700000000002e-12,3.36932e-11,-2.64575e-12,1.72523e-11,3.01599e-11,-5.6887900000000004e-12,-2.6542e-12,-2.99232e-12,8.875530000000001e-13,8.854389999999999e-13,-1.26793e-14,-8.241610000000001e-14,6.677770000000001e-13
24,-4.8,-2.37814e-24,5.28305e-16,6.564510000000001e-21,-1.03398e-25,-4.5908499999999996e-23,4.1359e-25,2.11322e-15,2.11322e-15,-1.03398e-24,2.11322e-15,2.1131999999999997e-15,1.52466e-20,-4.22644e-15,0.0,4.2264600000000004e-15,2.9585e-14,-2.11322e-14,5.49437e-14,-1.26793e-14,5.07172e-14,3.74765e-22,-8.45285e-15,1.94416e-13,-3.212090000000001e-13,-3.4656799999999996e-13,1.03886e-11,4.34478e-12,9.74195e-12,1.11832e-11,4.50961e-12,-3.48259e-12,2.11576e-11,2.0202400000000007e-12,-4.52525e-11,4.184180000000001e-12,-1.02231e-10,1.77236e-11,-9.47124e-11,3.02286e-11,-1.74399e-11,-2.7587e-11,-3.0023900000000003e-10,-1.71924e-11,-4.22682e-10,-2.11704e-11,-2.12598e-11,-4.17012e-11,1.93093e-11,7.84736e-12,-7.61393e-12,-3.31818e-11,-2.59123e-11,3.4065099999999998e-12,7.14268e-13,1.6817e-11,-7.96261e-12,-1.14739e-10,-1.60605e-13,-2.00426e-10,-1.11494e-11,-1.1479000000000001e-11,-2.14703e-12,-1.60774e-11,-2.1707e-11,2.61194e-11,1.05661e-12,-2.37272e-11,-1.45051e-11,2.02193e-11,1.80554e-11,-6.7961199999999995e-12,2.66942e-11,-3.61783e-12,2.2061999999999997e-11,7.76144e-11,-1.6905700000000005e-14,-3.99821e-12,-3.58402e-12,8.87557e-14,1.29329e-12,8.45333e-15,1.54688e-12,-9.42495e-13
25,-5.0,-3.77401e-24,-2.06795e-25,1.05661e-15,-2.06795e-25,1.20148e-22,4.1359e-25,2.11322e-15,-6.23487e-22,-8.27181e-25,2.11322e-15,-2.1132300000000002e-15,4.22644e-15,4.22645e-15,-1.03398e-25,4.22644e-15,3.80379e-14,-2.11322e-14,5.07172e-14,-1.69058e-14,5.91701e-14,3.74609e-22,-8.45288e-15,1.94416e-13,-3.04304e-13,8.53741e-13,-3.677e-12,4.56878e-12,5.84517e-12,1.91035e-12,-5.11399e-13,-1.20454e-12,9.50527e-12,-9.29817e-13,-4.73235e-11,7.4808e-13,-9.90255e-11,3.57557e-12,-9.0169e-11,1.89345e-11,-1.81724e-11,7.85838e-11,-3.44025e-10,-1.79106e-11,-4.0199900000000005e-10,-4.4641800000000004e-13,-1.90261e-11,-1.22075e-10,1.70853e-11,-4.855919999999999e-12,-1.15403e-11,-5.42675e-11,-1.58407e-11,-7.32865e-12,7.64986e-13,2.25946e-11,-4.43776e-12,-1.1905e-10,-2.19775e-13,-2.11618e-10,-9.59402e-12,-5.7902199999999995e-12,-8.62195e-13,-1.67874e-11,-2.8351e-11,2.6728000000000003e-11,7.94571e-13,-2.35835e-11,-6.25513e-12,2.07603e-11,1.8739999999999998e-11,-2.40062e-12,3.70828e-11,-4.53074e-12,6.846840000000002e-13,9.01246e-11,5.0886400000000004e-12,-5.9339199999999994e-12,7.987970000000001e-13,-7.987970000000001e-13,3.88833e-13,-4.2269e-15,1.08619e-12,-1.47923e-13
26,-5.2,1.55096e-25,5.16988e-26,1.29247e-25,1.05661e-15,1.19321e-22,0.0,0.0,-6.23281e-22,-2.1132100000000007e-15,-2.1132100000000007e-15,-2.1132100000000007e-15,-4.2264299999999995e-15,1.99053e-20,-3.1019299999999997e-25,-4.22644e-15,3.8038099999999996e-14,-2.53586e-14,2.53586e-14,-1.26793e-14,7.18495e-14,2.58494e-25,-8.45288e-15,2.1132199999999997e-13,-3.212090000000001e-13,2.19775e-12,-2.82326e-12,4.80546e-12,3.11911e-12,-7.269480000000001e-12,-5.9719599999999995e-12,8.495149999999999e-13,-2.1259e-12,-3.86719e-12,-4.94747e-11,-2.39217e-12,-1.10477e-10,-1.09803e-11,-8.49705e-11,-2.91339e-11,-1.89059e-11,-3.65693e-11,-4.64194e-10,-1.86315e-11,-4.98526e-10,2.25161e-11,-1.76509e-11,6.15571e-11,1.46337e-11,-1.73666e-11,-6.4136199999999995e-12,-4.11381e-11,-6.69891e-12,-9.911e-12,8.0725e-13,3.14405e-11,8.11476e-13,-1.23218e-10,-2.70492e-13,-2.31195e-10,-7.4808e-12,-1.22144e-11,-6.001569999999999e-13,-1.75482e-11,-4.58991e-11,2.92639e-11,5.07173e-13,-2.12675e-11,-9.12911e-12,2.11576e-11,1.94416e-11,2.0625e-12,4.66092e-11,-5.50283e-12,-2.07265e-11,6.97194e-11,-1.0414e-11,-8.85017e-12,-2.53588e-13,-3.4656799999999996e-13,-4.24757e-13,-4.2273800000000005e-15,-1.54688e-12,6.466470000000002e-13
27,-5.4,1.60266e-24,0.0,1.05661e-15,1.05661e-15,3.1184699999999997e-22,-6.462349999999999e-27,4.22645e-15,2.06795e-25,0.0,-4.2264299999999995e-15,-3.81165e-21,-4.2264299999999995e-15,-4.2264299999999995e-15,-1.55096e-25,-4.22644e-15,3.8038e-14,-1.6905700000000005e-14,5.49437e-14,-1.26794e-14,7.6076e-14,-8.45285e-15,5.16988e-26,2.1132199999999997e-13,-3.38115e-13,6.59323e-13,1.30851e-11,5.0886400000000004e-12,1.01435e-12,-4.46735e-12,-1.30217e-11,3.08953e-12,2.8613e-12,-1.88922e-12,-5.17316e-11,-5.84094e-12,-1.2132200000000002e-10,2.01284e-11,-9.67137e-11,-4.04122e-11,-1.96318e-11,-1.42396e-10,-5.083440000000001e-10,-1.93555e-11,-4.78525e-10,5.23432e-11,-1.6737000000000002e-11,-1.34776e-11,1.81689e-11,-1.36733e-11,-1.28695e-12,-2.90547e-11,3.41074e-12,-4.85195e-12,8.53741e-13,-6.9144600000000004e-12,-5.01256e-12,-1.27098e-10,-2.78946e-13,-2.42429e-10,-1.32879e-11,-1.81314e-11,-1.24257e-12,-1.83428e-11,-5.25093e-11,3.17659e-11,7.35401e-13,-2.11407e-11,-1.22736e-11,2.1259e-11,2.00925e-11,-6.5509800000000004e-12,5.68794e-11,-6.720039999999999e-12,-1.60267e-11,5.11653e-11,-7.531519999999999e-12,-1.32879e-11,-1.3271e-12,1.5342e-12,-1.3207600000000001e-12,2.53589e-14,-2.09632e-12,-9.5095e-13
28,-5.6,-1.3958700000000002e-24,1.55096e-25,2.1132100000000007e-15,1.03398e-25,-2.1132100000000007e-15,-1.29247e-26,-2.1132100000000007e-15,1.55096e-25,2.1132100000000007e-15,-4.2264299999999995e-15,-3.81165e-21,-5.16988e-25,8.27181e-25,2.58494e-25,-4.22645e-15,4.22645e-14,-1.6905700000000005e-14,1.26793e-13,-1.69058e-14,8.030239999999999e-14,-8.45285e-15,-8.45289e-15,2.02869e-13,-4.05738e-13,-1.7582e-12,1.48433e-11,5.4521099999999995e-12,-8.621940000000001e-13,1.08366e-11,2.12167e-12,7.861189999999999e-13,6.40306e-12,-6.762310000000002e-14,-5.41365e-11,-4.1503699999999994e-12,-1.3281799999999994e-10,4.84139e-12,-1.07633e-10,-1.70621e-11,-2.0359000000000002e-11,-2.58956e-10,-4.819419999999999e-10,-2.00801e-11,-4.59012e-10,-2.02407e-12,-1.60018e-11,-8.19914e-11,2.13917e-11,6.9822600000000006e-12,-5.22177e-12,-1.53695e-11,-1.22989e-11,-2.07095e-13,8.706469999999999e-13,-4.808e-11,-2.2958000000000003e-11,-1.30563e-10,-2.6204e-13,-2.45818e-10,-1.89852e-11,-2.4581e-11,-1.79201e-12,-1.91711e-11,-4.92127e-11,3.23238e-11,9.63628e-13,-2.30172e-11,-4.81814e-12,2.09462e-11,2.06927e-11,-2.05405e-12,4.96438e-11,-8.376810000000001e-12,1.56463e-11,3.04135e-11,1.42938e-11,-2.0084e-11,3.03036e-12,2.0117799999999997e-12,-9.04459e-13,1.6905700000000005e-14,-6.67779e-13,-1.47926e-13
29,-5.8,-2.8951299999999998e-24,0.0,2.11322e-15,3.1019299999999997e-25,-2.1132100000000007e-15,-6.462349999999999e-27,-2.1132300000000002e-15,1.55096e-25,-4.1359e-25,-7.6233e-21,-2.1132100000000007e-15,-4.1359e-25,3.1019299999999997e-25,2.84343e-25,-4.22644e-15,3.80379e-14,-2.11322e-14,1.39472e-13,-2.11322e-14,8.45288e-14,-8.45288e-15,-8.45289e-15,2.19775e-13,-4.64908e-13,-8.96005e-13,2.76409e-12,5.90011e-12,-2.87398e-12,1.4222000000000001e-11,1.72101e-11,-1.34401e-12,9.12911e-12,1.99911e-12,-5.67696e-11,2.99232e-12,-1.29631e-10,-1.07817e-11,-1.19133e-10,4.04365e-12,-2.1096e-11,-1.55649e-10,-4.63194e-10,-2.07994e-11,-5.57181e-10,-5.43037e-11,-1.52094e-11,1.22601e-10,2.47932e-11,1.18315e-11,-8.837489999999997e-12,-3.52337e-11,-2.79156e-11,4.96607e-12,8.57968e-13,3.70659e-12,-2.86806e-11,-1.33293e-10,-2.53586e-13,-2.4974900000000003e-10,-1.65761e-11,-1.9019e-11,-2.3330000000000003e-12,-2.00671e-11,-4.75221e-11,3.31184e-11,1.21721e-12,-2.45387e-11,-8.047139999999999e-12,2.32032e-11,2.12421e-11,2.6373e-12,4.30167e-11,-4.93648e-12,1.98558e-11,4.23236e-11,1.72354e-11,-1.27216e-11,2.40907e-12,1.17495e-12,9.12913e-13,-1.6906e-14,6.31853e-13,6.550989999999999e-13
30,-6.0,1.2407700000000002e-24,2.06795e-25,1.05661e-15,-1.05661e-15,-6.236419999999998e-22,-6.462349999999999e-27,2.1132100000000007e-15,1.03398e-25,2.11322e-15,0.0,1.27055e-20,-1.03398e-25,-5.16988e-25,-4.2264299999999995e-15,3.81165e-21,3.803780000000001e-14,-1.26793e-14,1.26793e-13,-2.53587e-14,8.030239999999999e-14,-8.45288e-15,-8.45285e-15,2.19775e-13,-4.3955e-13,1.1834e-13,-9.41651e-12,6.49604e-12,-5.40562e-12,6.33121e-12,9.98708e-12,1.47503e-12,1.14832e-11,-7.43854e-13,-5.98084e-11,4.80124e-12,-1.26996e-10,1.91817e-11,-1.13379e-10,2.70725e-11,-2.18185e-11,-6.44522e-11,-4.45269e-10,-2.15232e-11,-5.39852e-10,-1.77285e-11,-1.41026e-11,8.15122e-11,2.20559e-11,1.8702e-12,-1.27934e-11,-5.41344e-11,-1.74721e-11,2.59081e-12,8.495149999999999e-13,5.46817e-11,-2.31609e-11,-1.34959e-10,-2.45134e-13,-2.53324e-10,-1.4539000000000002e-11,-1.39642e-11,-2.99232e-12,-2.10646e-11,-4.67529e-11,3.40651e-11,1.0058899999999999e-12,-2.58912e-11,-1.11916e-11,2.82749e-11,2.16309e-11,-5.494369999999999e-12,5.52818e-11,-1.50461e-12,-2.52741e-12,8.87637e-11,1.87654e-12,1.02618e-11,-3.34734e-12,4.3955e-13,1.3419e-12,-1.26793e-14,2.05405e-12,-9.12911e-13
31,-6.2,-3.10193e-24,2.06795e-25,-1.05661e-15,3.17637e-21,-7.75482e-25,-2.13258e-25,5.16988e-26,-1.55096e-25,2.11322e-15,-2.1132100000000007e-15,2.1132300000000002e-15,-3.1019299999999997e-25,4.2264299999999995e-15,-9.740879999999999e-21,4.22644e-15,4.22642e-14,-1.6905700000000005e-14,1.1834e-13,-2.11322e-14,8.45288e-14,8.45285e-15,-1.69058e-14,2.1132199999999997e-13,-4.2264399999999994e-13,1.52152e-13,-7.97952e-12,7.33287e-12,-8.96851e-12,-7.05815e-13,4.17572e-12,-5.79022e-13,1.385e-11,-3.3853800000000003e-12,-6.35319e-11,1.6440900000000001e-12,-1.40208e-10,2.3668099999999997e-12,-1.07899e-10,1.50831e-11,-2.25391e-11,-2.1968900000000004e-10,-4.213690000000001e-10,-2.22451e-11,-5.24629e-10,1.80428e-11,-1.23267e-11,-2.13228e-10,1.93428e-11,-6.3963199999999995e-12,-7.7048e-12,-3.73491e-11,-7.67944e-12,-7.77243e-12,8.28382e-13,1.09211e-11,-1.91542e-11,-1.4358100000000002e-10,-2.36681e-13,-2.64956e-10,-1.23497e-11,-2.21043e-11,-2.75564e-12,-2.23325e-11,-4.655e-11,3.51302e-11,7.60759e-13,-2.7175999999999998e-11,-3.41496e-12,3.05234e-11,2.18592e-11,-1.85963e-13,4.86802e-11,-3.1867400000000002e-12,-2.5570000000000002e-11,9.97356e-11,7.26103e-12,1.77426e-11,-4.06161e-12,-3.2966199999999997e-13,4.69136e-13,8.45381e-15,1.4877100000000001e-12,-7.60763e-14
32,-6.4,-1.13737e-24,-5.28305e-16,-6.88214e-21,-5.2939599999999985e-22,-9.82277e-25,-2.06795e-25,-1.03398e-25,-2.58494e-25,-8.27181e-25,-2.1132100000000007e-15,0.0,-4.1359e-25,0.0,8.452840000000003e-15,-8.45287e-15,4.64907e-14,-2.53586e-14,1.0988699999999997e-13,-2.53585e-14,8.452860000000002e-14,-8.45285e-15,-1.69058e-14,2.19775e-13,-5.15626e-13,1.94416e-13,7.31174e-12,8.528960000000001e-12,1.39895e-12,-8.27114e-12,-1.4285399999999999e-12,-2.72605e-12,1.66353e-11,-9.21364e-13,-6.82232e-11,-9.8476e-13,-1.37598e-10,-1.54962e-11,-1.2020200000000005e-10,-3.42447e-11,-2.32647e-11,-1.4549200000000002e-10,-4.700849999999999e-10,-2.29665e-11,-6.295589999999999e-10,6.01625e-11,-9.39194e-12,-2.59861e-10,2.28369e-11,-1.45581e-11,-2.63941e-12,-5.75726e-11,3.4318699999999996e-12,-9.99553e-12,7.60759e-13,-3.22942e-11,-1.57562e-11,-1.59886e-10,-2.36681e-13,-2.852e-10,-1.85963e-11,-1.73876e-11,-1.54688e-12,-2.38371e-11,-4.65754e-11,3.62798e-11,1.07352e-12,-2.83932e-11,-5.83249e-12,3.02529e-11,2.17746e-11,5.75641e-12,4.14445e-11,-4.505390000000001e-12,-2.34568e-11,7.69635e-11,1.34147e-11,1.12508e-11,1.56378e-13,3.04304e-13,-3.10643e-13,9.57147e-19,-1.1834e-12,7.86117e-13
33,-6.6,0.00374406,0.00579049,0.00805955,0.00861487,0.0111607,0.0131976,0.0151737,0.016221799999999998,0.0178927,0.0194932,0.0160292,0.018818900000000003,0.0215197,0.0231044,0.0218664,0.0259802,0.0293947,0.0302366,0.0289271,0.0341237,0.0331207,0.0378192,0.0359888,0.039916900000000005,0.0369664,0.0415028,0.0435189,0.0385131,0.0423478,0.0445448,0.044850199999999986,0.0462385,0.047251199999999986,0.0396623,0.0406464,0.0416632,0.0419879,0.0413358,0.040110900000000005,0.0472144,0.046022900000000005,0.045073400000000007,0.0445253,0.0448233,0.0443047,0.042998,0.0407016,0.0406755,0.04548,0.0450946,0.0447959,0.0447313,0.045038,0.0456074,0.0459635,0.0474889,0.0443262,0.0471931,0.0499741,0.0496601,0.0514823,0.0522591,0.0527232,0.0542024,0.0554185,0.05651669999999999,0.0568068,0.0568021,0.056796800000000015,0.0567927,0.056274,0.0567887,0.0567866,0.0563682,0.0567855,0.05678440000000001,0.0562342,0.05678440000000001,0.0546682,0.055569500000000015,0.0567847,0.0543826,0.055374900000000005
34,-6.8,0.0192732,0.0296368,0.041239,0.0438797,0.0581739,0.0692819,0.0798691,0.0865377,0.0950449,0.102923,0.0901415,0.10381300000000003,0.111193,0.120632,0.117726,0.136626,0.152887,0.155289,0.154541,0.17871099999999998,0.17474,0.196872,0.184594,0.207134,0.197995,0.217926,0.22141,0.205624,0.22255300000000006,0.232144,0.234004,0.239975,0.24442600000000006,0.214138,0.217966,0.222062,0.223236,0.22011,0.214384,0.241962,0.23583,0.230599,0.226502,0.22245,0.228419,0.222468,0.211968,0.210693,0.228818,0.227056,0.225097,0.224449,0.225811,0.228651,0.230498,0.238385,0.226372,0.239325,0.251755,0.251871,0.260396,0.264916,0.26846,0.27592,0.28284000000000004,0.289077,0.291905,0.293619,0.294584,0.294563,0.292486,0.294543,0.293883,0.29285900000000004,0.294527,0.294154,0.292322,0.293532,0.286057,0.28791700000000003,0.293555,0.28441700000000003,0.28888400000000003
35,-7.0,0.052077,0.0798044,0.109218,0.118992,0.158891,0.18993,0.220145,0.239696,0.26300500000000004,0.284148,0.262622,0.296768,0.306304,0.327694,0.327671,0.373906,0.4149020000000001,0.420753,0.426205,0.486265,0.482414,0.529546,0.5006649999999999,0.562379,0.552666,0.5908260000000001,0.592202,0.571909,0.609963,0.631667,0.637498,0.65094,0.661101,0.600581,0.607675,0.615912,0.61758,0.6091,0.594258,0.647087,0.629132,0.6128779999999999,0.5990880000000001,0.586697,0.613596,0.598611,0.5732520000000001,0.565926,0.5978319999999999,0.594224,0.586843,0.5906600000000001,0.5936739999999999,0.600841,0.60559,0.626396,0.60515,0.632953,0.663754,0.6678029999999999,0.690287,0.702367,0.716985,0.7370770000000001,0.757835,0.776511,0.787329,0.796705,0.8033060000000001,0.805438,0.8002199999999999,0.8054979999999999,0.802872,0.800412,0.805457,0.803972,0.798507,0.8014819999999999,0.785696,0.786563,0.800809,0.784237,0.78962
36,-7.2,0.105461,0.161519,0.223502,0.25108,0.328752,0.389707,0.450369,0.487645,0.536441,0.580196,0.556716,0.620653,0.633725,0.664279,0.673693,0.757631,0.822465,0.84491,0.862433,0.974907,0.982085,1.05167,1.00091,1.12323,1.12837,1.17815,1.18107,1.16711,1.23041,1.26698,1.27899,1.30137,1.31845,1.22694,1.23553,1.24705,1.24724,1.22751,1.18969,1.25673,1.23563,1.19876,1.16767,1.15094,1.19801,1.16069,1.12703,1.10524,1.1428200000000002,1.13604,1.11549,1.13355,1.13746,1.15015,1.1591,1.19958,1.17561,1.2217,1.28151,1.29501,1.34122,1.36733,1.40727,1.45008,1.49602,1.53816,1.56592,1.59338,1.6158,1.6279,1.62011,1.63309,1.6294799999999998,1.62464,1.63684,1.6338700000000002,1.61929,1.62889,1.59931,1.59895,1.62592,1.604,1.59981
37,-7.4,0.181225,0.274065,0.392757,0.452008,0.585573,0.684203,0.7824720000000001,0.8431360000000001,0.928953,1.00548,0.977216,1.08247,1.10638,1.14806,1.17114,1.29937,1.37192,1.43129,1.47053,1.64729,1.67613,1.76828,1.6792200000000002,1.88298,1.91915,1.9796,1.98905,1.98504,2.0739,2.12338,2.13786,2.16447,2.17932,2.06773,2.07029,2.07526,2.04528,1.99508,1.90683,1.96329,1.96176,1.89276,1.83433,1.80876,1.85948,1.7764099999999998,1.75161,1.7057099999999998,1.75145,1.7259400000000005,1.68146,1.71545,1.72692,1.74458,1.75771,1.82759,1.8142,1.88054,1.9928,2.04161,2.10873,2.15239,2.24398,2.34504,2.4478,2.5161,2.5596400000000004,2.63847,2.7005,2.74097,2.74134,2.77224,2.7736,2.77332,2.79924,2.7969,2.77307,2.7949900000000003,2.7463900000000003,2.7484900000000003,2.79296,2.76521,2.74541
38,-7.6,0.274305,0.407464,0.602242,0.7092109999999999,0.926944,1.07328,1.2216200000000002,1.3186,1.45066,1.56861,1.52226,1.68005,1.72253,1.77499,1.81577,1.98956,2.06134,2.169,2.23709,2.48193,2.53704,2.65334,2.5169200000000003,2.8113,2.88534,2.9572700000000003,2.97022,2.97114,3.07828,3.12411,3.1509400000000003,3.16635,3.1522,3.01778,2.99145,2.9658,2.8458,2.73023,2.56297,2.58171,2.59734,2.48133,2.38204,2.33115,2.37188,2.22383,2.20791,2.12773,2.1970400000000003,2.13845,2.04968,2.09135,2.12569,2.1526400000000003,2.1668,2.27828,2.29403,2.3752,2.58443,2.72992,2.78741,2.8765400000000003,3.02351,3.25836,3.48751,3.54852,3.62021,3.82662,3.94921,4.03757,4.08284,4.15299,4.17248,4.1939199999999985,4.25006,4.25831,4.23146,4.2765,4.20918,4.217969999999998,4.28849,4.254,4.22349
39,-7.8,0.381995,0.5622159999999999,0.8474940000000001,1.0208,1.34565,1.55298,1.7708,1.92656,2.11322,2.28084,2.21359,2.43147,2.498,2.55033,2.61422,2.8199,2.89175,3.05253,3.14995,3.46098,3.54155,3.67696,3.49405,3.87574,3.98606,4.06312,4.09768,4.0934800000000005,4.20519,4.2190400000000015,4.28336,4.25347,4.16394,3.94784,3.85488,3.76977,3.51284,3.29712,3.0259,2.98394,2.99241,2.81127,2.65643,2.56187,2.58246,2.35512,2.33248,2.21281,2.30323,2.22101,2.07099,2.09685,2.15996,2.22814,2.23483,2.39973,2.46391,2.5641,2.89672,3.21781,3.2555,3.4135800000000005,3.5942800000000004,4.04049,4.4981800000000005,4.47703,4.6521300000000005,5.03489,5.24651,5.41902,5.54186,5.6685300000000005,5.73569,5.81148,5.93382,5.97311,5.9519,6.03906,5.96392,5.9809800000000015,6.08774,6.0494,6.01674
40,-8.0,0.50775,0.746987,1.14098,1.40194,1.85004,2.13163,2.44016,2.68318,2.9341,3.16068,3.0806400000000003,3.36461,3.45902,3.5065699999999995,3.60407,3.81921,3.89132,4.10951,4.21614,4.58791,4.68878,4.83162,4.6254800000000005,5.08811,5.23041,5.30326,5.40259,5.38019,5.48153,5.43869,5.53354,5.40089,5.16276,4.78381,4.58239,4.41038,3.98719,3.63942,3.23768,3.11223,3.08779,2.82152,2.59556,2.43753,2.42639,2.10382,2.05734,1.90393,1.98727,1.88625,1.6912200000000002,1.65734,1.74499,1.91714,1.90091,2.13123,2.2638700000000003,2.40545,2.83336,3.4124,3.4886,3.69009,3.87604,4.59408,5.4013800000000005,5.24788,5.5875900000000005,6.15033,6.48562,6.84055,7.04581,7.21198,7.356610000000001,7.54493,7.79368,7.9016,7.90481,8.05419,7.989210000000001,8.01932,8.172,8.13659,8.11057
41,-8.2,0.6475920000000001,0.957101,1.47729,1.8483,2.4373400000000003,2.80798,3.23236,3.59062,3.91817,4.215330000000002,4.13278,4.49043,4.61786,4.66519,4.81234,5.0331800000000015,5.1059800000000015,5.38367,5.46025,5.8861300000000005,6.0005,6.13394,5.95106,6.4888900000000005,6.65687,6.71752,6.89577,6.83379,6.90307,6.770389999999999,6.8445100000000005,6.5491800000000016,6.08377,5.47748,5.12682,4.8411,4.22296,3.70824,3.14823,2.91411,2.82879,2.4557,2.14116,1.89816,1.84211,1.41018,1.31745,1.13614,1.18115,1.05525,0.835678,0.700951,0.82581,1.14301,1.07886,1.3848,1.60421,1.81406,2.3052200000000003,3.21969,3.4232400000000003,3.65016,3.82054,4.82327,6.10099,5.84402,6.30638,7.114560000000001,7.59035,8.1991,8.53775,8.73355,8.917580000000003,9.2984,9.75836,9.94248,10.0063,10.2336,10.1985,10.2542,10.4722,10.4543,10.4501
42,-8.4,0.79413,1.18155,1.83953,2.34006,3.08838,3.56719,4.13253,4.63579,5.05622,5.43961,5.36845,5.80976,5.97823,6.03174,6.24324,6.48136,6.55557,6.89329,6.919689999999999,7.39365,7.515169999999999,7.62108,7.47676,8.08282,8.2659,8.30537,8.54261,8.4129,8.41356,8.13367,8.10711,7.59967,6.84658,5.9667900000000005,5.429130000000002,5.00339,4.16247,3.44586,2.69995,2.32916,2.15331,1.65013,1.22787,0.876775,0.761117,0.207622,0.041182800000000006,-0.169955,-0.189571,-0.340117,-0.595562,-0.850561,-0.642181,-0.195123,-0.342806,0.044519300000000005,0.36336,0.666454,1.2336,2.548,2.95674,3.21076,3.4010800000000003,4.67881,6.46433,6.18769,6.7271100000000015,7.8287,8.52533,9.3922,9.90566,10.193999999999999,10.3399,10.9451,11.722000000000001,11.9612,12.1411,12.4082,12.4298,12.5366,12.8667,12.860999999999999,12.9053
43,-8.6,0.944873,1.41565,2.21961,2.8654,3.78945,4.39804,5.13055,5.80898,6.34212,6.83148,6.78941,7.32643,7.54675,7.61558,7.90521,8.16783,8.24455,8.64292,8.61777,9.13395,9.25594,9.32017,9.19907,9.86394,10.0474,10.0545,10.3254,10.0977,9.98374,9.4884,9.26937,8.50222,7.40625,6.21145,5.4510000000000005,4.85775,3.76448,2.80995,1.84816,1.31105,1.01282,0.354337,-0.18728,-0.680986,-0.8705950000000001,-1.5653,-1.83129,-2.0788900000000003,-2.18779,-2.36535,-2.6724,-3.06409,-2.70745,-2.17245,-2.44428,-1.97442,-1.54955,-1.13321,-0.459669,1.30725,1.98543,2.30361,2.53342,4.17574,6.43705,6.17772,6.836189999999998,8.220130000000001,9.20896,10.4014,11.0742,11.4838,11.5974,12.3976,13.6136,13.8857,14.2558,14.4782,14.6071,14.8113,15.2357,15.216,15.3487
44,-8.8,1.0978,1.6563599999999998,2.61312,3.4173400000000003,4.531000000000001,5.290030000000002,6.21692,7.0894,7.7671100000000015,8.387369999999999,8.39758,9.0464,9.33143,9.4279,9.81331,10.105,10.1854,10.6458,10.5676,11.1198,11.2353,11.2454,11.1302,11.8426,12.0089,11.9668,12.2395,11.8739,11.5906,10.8104,10.3183,9.24437,7.75087,6.1912699999999985,5.1707,4.38041,3.00278,1.77117,0.560243,-0.174488,-0.629376,-1.47072,-2.13576,-2.81833,-3.09578,-3.9473,-4.3487,-4.64785,-4.86536,-5.0786,-5.44249,-5.9819,-5.4412400000000005,-4.85283,-5.2371300000000005,-4.69163,-4.1596199999999985,-3.61552,-2.80857,-0.537253,0.474505,0.854399,1.09976,3.25117,6.0430199999999985,5.76837,6.54277,8.29318,9.5658,11.1815,12.0279,12.4935,12.6714,13.609000000000002,15.3978,15.6473,16.3136,16.4138,16.697,17.0541,17.4665,17.4446,17.6803
45,-9.0,1.24954,1.89832,3.01192,3.98487,5.29954,6.22762,7.3716300000000015,8.43918,9.30272,10.086,10.1808,10.9655,11.3323,11.4712,11.9763,12.3043,12.3902,12.9148,12.7822,13.3638,13.4657,13.4068,13.2771,14.0217,14.1492,14.0348,14.2656,13.7068,13.1849,12.050999999999998,11.2224,9.79895,7.86017,5.88342,4.56278,3.54737,1.84745,0.297274,-1.19842,-2.16426,-2.81229,-3.86629,-4.6649,-5.58045,-5.96333,-6.97547,-7.56141,-7.92974,-8.27562,-8.51638,-8.96903,-9.62997,-8.9364,-8.31541,-8.68571,-8.08465,-7.45224,-6.77062,-5.80261,-2.96587,-1.54471,-1.18235,-0.968187,1.75747,5.20565,4.95276,5.7706,7.94575,9.55748,11.6789,12.6405,13.1622,13.5094,14.5238,16.9831,17.1592,18.2283,18.1614,18.6199,19.0963,19.4906,19.4748,19.7911
46,-9.2,1.39731,2.13678,3.40845,4.55706,6.081169999999998,7.19459,8.57516,9.83152,10.9111,11.8907,12.1069,13.0615,13.5353,13.7373,14.3858,14.7604,14.8548,15.4477,15.2594,15.8636,15.944,15.7985,15.6347,16.3906,16.4558,16.2476,16.3916,15.5797,14.7434,13.1928,11.9675,10.1526,7.7221600000000015,5.27677,3.61342,2.34596,0.278931,-1.63403,-3.45296,-4.68613,-5.56625,-6.8654199999999985,-7.8140100000000015,-9.0048,-9.50611,-10.7029,-11.5131,-11.9656,-12.4655,-12.7115,-13.3037,-14.0554,-13.2524,-12.6169,-12.8396,-12.1465,-11.4308,-10.6106,-9.45978,-5.99852,-4.09365,-3.7559,-3.69223,-0.365439,3.78696,3.66391,4.56315,7.08858,9.08955,11.857000000000001,12.7822,13.3992,13.9945,15.1287,18.3198,18.3881,19.8533,19.6469,20.3316,20.8117,21.2941,21.2565,21.5971
47,-9.4,1.53952,2.36879,3.7978,5.12621,6.86555,8.17816,9.80785,11.255,12.5711,13.775,14.1451,15.3068,15.9227,16.2171,17.0247,17.4597,17.5671,18.2361,17.9914,18.6122,18.6623,18.4107,18.1948,18.94,18.9206,18.6014,18.6237,17.5099,16.2872,14.2594,12.571,10.3165,7.34232,4.37648,2.32511,0.771347,-1.70792,-4.03131,-6.21597,-7.75568,-8.91018,-10.49,-11.6125,-13.1184,-13.7446,-15.172,-16.238,-16.7959,-17.4647,-17.7255,-18.4469,-19.3297,-18.4269,-17.7858,-17.8321,-16.9516,-16.1713,-15.1488,-13.8043,-9.67129,-7.30179,-6.917560000000001,-7.09558,-3.06255,1.68575,1.7957900000000002,2.91501,5.74999,8.05113,11.6335,12.4688,13.1557,13.9944,15.3532,19.3912,19.3247,21.1334,20.7539,21.7257,22.1761,22.8497,22.8024,23.0889
48,-9.6,1.6754,2.5928,4.1771699999999985,5.6878400000000005,7.64641,9.17048,11.0522,12.7047,14.2788,15.7323,16.2884,17.6884,18.4852,18.9006,19.8826,20.3961,20.5231,21.2797,20.9799,21.6132,21.6244,21.2464,20.9609,21.6742,21.5503,21.1058,20.982,19.5317,17.8629,15.2922,13.0727,10.3237,6.7408800000000015,3.19775,0.710075,-1.17185,-4.109,-6.89548,-9.49251,-11.3816,-12.8565,-14.7556,-16.0809,-17.9425,-18.7033,-20.4078,-21.7645,-22.439,-23.2978,-23.6083,-24.4052,-25.4724,-24.5104,-23.8638,-23.7414,-22.6102,-21.7893,-20.4397,-18.9015,-14.0574,-11.3309,-10.8172,-11.19,-6.29368,-1.17834,-0.725659,0.753797,3.9138,6.45735,10.9021,11.7357,12.4716,13.5008,15.0646,20.1099,19.9248,22.1114,21.462,22.6456,23.0967,24.0469,24.0405,24.273000000000003
49,-9.8,1.80437,2.80741,4.54284,6.23608,8.41538,10.161,12.2954,14.1721,16.0247,17.7536,18.5289,20.1958,21.2087,21.768,22.9377,23.5548,23.7121,24.5729,24.2227,24.8701,24.8377,24.3137,23.9421,24.6004,24.3553,23.772,23.485,21.6723,19.5157,16.338,13.5256,10.2258,5.96059,1.76984,-1.21151,-3.46496,-6.91043,-10.2185,-13.2753,-15.5644,-17.4097,-19.6702,-21.2273,-23.491,-24.4003,-26.4298,-28.1149,-28.9028,-29.9779,-30.3862,-31.2063,-32.4864,-31.5449,-30.8898,-30.6123,-29.1806,-28.2785,-26.5694,-24.8498,-19.2606,-16.2095,-15.4843,-15.9456,-10.0459,-4.86899,-3.94954,-1.9804,1.51918,4.44281,9.56802,10.5391,11.3156,12.617,14.2778,20.3554,20.1465,22.7201,21.8544,23.0927,23.5654,24.7416,24.8185,25.0624
50,-10.0,1.92566,3.01093,4.8905400000000006,6.76377,9.16186,11.1355,13.526,15.6414,17.7899,19.8171,20.8433,22.8054,24.0661,24.7986,26.1556,26.9204,27.1295,28.1176,27.7285,28.3993,28.3275,27.6433,27.1704,27.7497,27.3668,26.6308,26.1683,23.9711,21.295,17.4536,13.9859,10.0848,5.06676,0.149847,-3.39731,-6.0723400000000005,-10.0831,-13.9787,-17.548,-20.2965,-22.5669,-25.2351,-27.0593,-29.772,-30.8409,-33.2518,-35.3066,-36.199,-37.5132,-38.0738,-38.8681,-40.3961,-39.565,-38.8902,-38.4819,-36.7295,-35.6238,-33.5984,-31.6329,-25.2756,-21.8632,-20.8607,-21.3247,-14.4062,-9.44016,-7.92488,-5.35279,-1.48601,2.04308,7.541360000000001,8.783439999999999,9.57787,11.3306,13.119000000000002,20.007,19.9136,22.8488,21.8781,23.156999999999996,23.6944,24.9243,25.1204,25.3413
51,-10.2,2.03888,3.20246,5.21908,7.26761,9.87988,12.0833,14.7329,17.0972,19.5543,21.8992,23.2041,25.4871,27.0252,27.9649,29.5129,30.4767,30.7656,31.9141,31.511999999999997,32.2256,32.1319,31.2841,30.7009,31.1825,30.6449,29.7429,29.0955,26.4963,23.2719,18.7155,14.5175,9.96514,4.13237,-1.57788,-5.76884,-8.92698,-13.5712,-18.134,-22.285999999999998,-25.5573,-28.31,-31.4407,-33.5728,-36.7843,-38.021,-40.8806,-43.3484,-44.3289,-45.9405,-46.6723,-47.4547,-49.2088,-48.5983,-47.8647,-47.3645,-45.3223,-43.9264,-41.6138,-39.253,-32.1196,-28.3257,-27.0033,-27.4139,-19.5939,-14.9175,-12.7204,-9.43454,-5.12796,-0.8521850000000001,4.74965,6.35027,7.18593,9.54711,11.6078,18.9678,19.1146,22.4321,21.4059,22.8185,23.4764,24.724,24.9879,25.0689
52,-10.4,2.14373,3.38116,5.5275300000000005,7.74489,10.5643,12.9952,15.9035,18.5224,21.2965,23.9738,25.5816,28.2082,30.0512,31.2304,32.9926,34.1818,34.5715,35.9217,35.5475,36.3384,36.2547,35.2518,34.5612,34.935,34.2305,33.1527,32.3149,29.3056,25.5114,20.2017,15.202,9.94246,3.23307,-3.32681,-8.234060000000001,-11.9358,-17.2928,-22.6217,-27.443,-31.3084,-34.6058,-38.2622,-40.7478,-44.5147,-45.9438,-49.3125,-52.2389,-53.3187,-55.2823,-56.1973,-57.0093,-58.9719,-58.6514,-57.8055,-57.2375,-54.9592,-53.2471,-50.6816,-47.8266,-39.9202,-35.7397,-34.0787,-34.409,-25.7382,-21.2913,-18.3872,-14.262,-9.38578,-4.35225,1.15504,3.13471,4.12371,7.23653,9.69197,17.2631,17.6767,21.3813,20.3761,22.0067,22.8352,24.1888,24.3806,24.2217
53,-10.6,2.2398,3.54619,5.8141300000000005,8.19239,11.2096,13.8629,17.0261,19.9015,22.9965,26.0172,27.9489,30.9395,33.1129,34.5623,36.569,37.9986,38.5049,40.0925,39.7867,40.6981,40.6674,39.5298,38.7486,39.014,38.1413,36.8845,35.8561,32.4377,28.0636,21.9814,16.1298,10.1158,2.4704,-5.00192,-10.7016,-14.9967,-21.1457,-27.351,-32.9409,-37.49,-41.4099,-45.6611,-48.5529,-52.938,-54.6007,-58.5313,-61.9626,-63.1894,-65.5244,-66.6683,-67.5212,-69.7388,-69.7088,-68.7644,-68.0663,-65.6061,-63.6244,-60.8428,-57.3858,-48.721000000000004,-44.1604,-42.1551,-42.3938,-32.8359,-28.5303,-24.8838,-19.8624,-14.2548,-8.55903,-3.26843,-0.8801899999999999,0.408153,4.3303699999999985,7.320769999999999,14.9397,15.5393,19.643,18.7686,20.6969,21.7401,23.2015,23.276999999999997,22.7812
54,-10.8,2.32694,3.69705,6.07781,8.60801,11.8123,14.6807,18.0919,21.2224,24.6385,28.0091,30.2818,33.6539,36.1811,37.9294,40.2098,41.9054,42.5421,44.3962,44.1881,45.2622,45.3324,44.0957,43.2539,43.4207,42.3901,40.9602,39.7475,35.9253,30.9701,24.1084,17.3767,10.5815,1.96259,-6.4806300000000014,-13.0528,-17.995,-25.0119,-32.2011,-38.669000000000004,-44.0118,-48.6574,-53.5829,-56.9428,-62.0147,-63.9578,-68.5094,-72.4933,-73.923,-76.6525,-78.0712,-78.9959,-81.5102,-81.7656,-80.7554,-79.9022,-77.2752,-75.0991,-72.0987,-67.9298,-58.5339,-53.6051,-51.1759,-51.3207,-40.8373,-36.5776,-32.1618,-26.2619,-19.7337,-13.6087,-8.53594,-5.64248,-3.92527,0.712041,4.43599,11.887,12.6448,17.2266,16.5876,18.8906,20.1862,21.5896,21.6028,20.7663
55,-11.0,2.40511,3.83343,6.317819999999998,8.99019,12.3696,15.4439,19.0942,22.4749,26.2087,29.9316,32.5581,36.3262,39.228,41.3017,43.8834,45.8743,46.6521,48.8058,48.7197,49.9998,50.2164,48.923,48.0601,48.1502,46.9788,45.3918,44.0091,39.7942,34.264,26.6227,18.9966,11.4102,1.80237,-7.6463199999999985,-15.1483,-20.7959,-28.750999999999998,-37.0287,-44.4917,-50.7451,-56.2453,-61.9441,-65.8512,-71.6884,-73.9676,-79.2055,-83.8009,-85.4811,-88.6531,-90.3753,-91.4314,-94.2574,-94.8382,-93.74,-92.8105,-90.0219,-87.6448,-84.4141,-79.5473,-69.4356,-64.15,-61.0451,-61.1111,-49.6664,-45.3547,-40.3213,-33.5136,-25.8898,-19.5537,-14.6098,-11.1503,-8.87102,-3.5994900000000003,0.922058,8.00175,8.98671,14.1558,13.7786,16.5334,18.121,19.3048,19.3111,18.2242
56,-11.2,2.47431,3.95524,6.53382,9.33794,12.88,16.1494,20.028,23.6517,27.6968,31.7706,34.7594,38.9347,42.2293,44.6527,47.5615,49.8756,50.806000000000004,53.2954,53.3559,54.8896,55.2973,53.9845,53.1457,53.1902,51.9022,50.1846,48.6561,44.0682,37.978,29.5628,21.0354,12.6585,2.0581400000000003,-8.41239,-16.8739,-23.2655,-32.2103,-41.6737,-50.2566,-57.5366,-64.0295,-70.6251,-75.1818,-81.8857,-84.566,-90.5661,-95.8437,-97.8198,-101.483,-103.562,-104.779,-107.951,-108.908,-107.734,-106.793,-103.849,-101.238,-97.7703,-92.2799,-81.4537,-75.8317,-71.791,-71.8053,-59.3686,-54.9137,-49.507,-41.7404,-32.9069,-26.3506,-21.4184,-17.4545,-14.4535,-8.4705,-3.26725,3.27241,4.59365,10.4575,10.2871,13.5061,15.4294,16.4086,16.4621,15.2117
57,-11.4,2.5340700000000003,4.06176,6.724360000000001,9.64877,13.3394,16.7916,20.8853,24.7421,29.0889,33.5083,36.8636,41.4536,45.157,47.953,51.214,53.8787,54.9741,57.8359,58.0707,59.9607,60.6082,59.3114,58.5396,58.5657,57.1469,55.343999999999994,53.7135,48.7913,42.1681,32.9937,23.57,14.4092,2.8206900000000004,-8.6774,-18.1139,-25.2669,-35.2312,-45.9548,-55.7808,-64.2208,-71.7785,-79.3938,-84.7193,-92.5014,-95.6603,-102.519,-108.56,-110.898,-115.044,-117.605,-118.959,-122.581,-123.888,-122.751,-121.792,-118.715,-115.91,-112.072,-106.058,-94.5613,-88.6532,-83.6008,-83.5137,-70.0672,-65.4086,-59.7001,-51.0152,-40.8813,-33.9555,-28.8922,-24.4795,-20.7687,-13.9446,-8.06205,-2.26688,-0.489599,6.11572,6.17363,9.80392,12.107000000000001,12.9834,13.1372,11.7982
58,-11.6,2.58353,4.1515900000000014,6.88678,9.91833,13.7414,17.3613,21.6532,25.7296,30.3628,35.1166,38.8362,43.8412,47.9652,51.1529,54.7895,57.8295,59.0986,62.3682,62.8057,65.2092,66.141,64.9568,64.2912,64.3251,62.7168,60.9037,59.1685,53.9815,46.8816,36.983000000000004,26.6887,16.7605,4.19644,-8.32382,-18.7392,-26.6582,-37.6543,-49.6815,-60.851000000000006,-70.5824,-79.2038,-87.9671,-94.1228,-103.273,-107.083,-114.928,-121.836,-124.629,-129.22899999999998,-132.43200000000002,-133.915,-138.1,-139.69799999999998,-138.746,-137.725,-134.541,-131.655,-127.253,-120.8,-108.722,-102.603,-96.5633,-96.1226,-81.6733,-76.7663,-70.6861,-61.1943,-49.8054,-42.38,-37.0329,-32.1205,-27.9165,-20.1615,-13.534,-8.50024,-6.13122,1.20571,1.46884,5.48013,8.20268,9.06538,9.36708,7.99375
59,-11.8,2.62249,4.2242,7.01985,10.1446,14.0822,17.852999999999998,22.3235,26.6026,31.5026,36.5736,40.6483,46.0599,50.6088,54.2013,58.2324,61.6675,63.1135,66.8212,67.4862,70.5102,71.7584,70.8984,70.3851,70.4654,68.6557,66.9297,64.9541,59.5937,52.108999999999995,41.5455,30.4249,19.7632,6.24629,-7.282539999999999,-18.6712,-27.3503,-39.3704,-52.7218,-65.2985,-76.4002,-86.1218,-96.1805,-103.17,-113.816,-118.547,-127.528,-135.512,-138.879,-143.97,-147.941,-149.6,-154.43,-156.315,-155.65,-154.559,-151.257,-148.42600000000004,-143.36700000000005,-136.511,-123.922,-117.614,-110.624,-109.535,-94.10799999999999,-88.8795,-82.3396,-72.1296,-59.6942,-51.7035,-45.9552,-40.4657,-35.8461,-27.1434,-19.7583,-15.32,-12.1824,-4.20062,-3.8785,0.444005,3.61371,4.52449,5.00828,3.64325
60,-12.0,2.65122,4.27988,7.12397,10.3282,14.3623,18.2666,22.895,27.3584,32.503,37.8678,42.2837,48.088,53.0597,57.0644,61.5041,65.3508,66.9718,71.1431,72.0564,75.7546,77.351,77.0172,76.7121,76.9359,74.969,73.4217,71.0778,65.6293,57.7964,46.6525,34.7644,23.4232,8.99132,-5.52421,-17.8672,-27.2935,-40.3752,-55.0653,-69.0256,-81.5345,-92.4208,-103.888,-111.768,-123.896,-129.752,-139.95600000000002,-149.319,-153.474,-159.151,-164.007,-165.898,-171.476,-173.671,-173.394,-172.192,-168.856,-166.17,-160.398,-153.226,-140.165,-133.525,-125.665,-123.879,-107.508,-101.874,-94.796,-83.9429,-70.5549,-61.931000000000004,-55.6862,-49.5598,-44.4373,-34.8158,-26.7236,-22.7011,-18.6976,-10.2485,-9.88932,-5.34871,-1.76937,-0.75941,-0.06706519999999999,-1.38029
61,-12.2,2.66996,4.319,7.19982,10.4696,14.5826,18.6023,23.368000000000002,27.9958,33.3585,38.9889,43.729,49.9084,55.2948,59.7138,64.5706,68.8439,70.6341,75.2908,76.469,80.8918,82.8799,83.1515,83.1147,83.632,81.6119,80.3138,77.6289,72.1525,63.882,52.2646,39.6823,27.737,12.4478,-3.01605,-16.2779,-26.4795,-40.7101,-56.7516,-71.9991,-85.9522,-97.98700000000001,-110.929,-119.779,-133.42,-140.52100000000002,-151.969,-162.888,-168.127,-174.575,-180.46400000000003,-182.65,-189.074,-191.668,-191.872,-190.499,-187.308,-184.793,-178.30900000000003,-170.899,-157.412,-150.239,-141.613,-139.15200000000002,-121.896,-115.825,-108.161,-96.7117,-82.3335,-72.9677,-66.12100000000001,-59.3013,-53.5749,-43.0016,-34.4596,-30.6658,-25.7932,-17.0516,-16.5774,-11.8242,-7.93023,-6.8113,-5.88394,-7.09611
62,-12.4,2.67898,4.34202,7.24822,10.57,14.7443,18.8613,23.7436,28.5116,34.0619,39.9312,44.9756,51.50899999999999,57.2967,62.1272,67.4042,72.1144,74.0651,79.2253,80.6807,85.8743,88.303,89.204,89.4973,90.4046,88.4904,87.5042,84.6179,79.1747,70.3759,58.3296,45.1449,32.6867,16.6213,0.27120700000000003,-13.8631,-24.9477,-40.3371,-57.7286,-74.2261,-89.6659,-102.77,-117.235,-127.119,-142.283,-150.714,-163.468,-175.976,-182.533,-189.952,-197.031,-199.685,-207.013,-210.203,-210.948,-209.448,-206.529,-204.169,-197.086,-189.444,-175.547,-167.81799999999996,-158.515,-155.25,-137.187,-130.626,-122.355,-110.333,-94.9409,-84.7187,-77.1643,-69.6076,-63.168,-51.7037,-42.9853,-39.258,-33.4653,-24.588,-23.9378,-18.9265,-14.753,-13.5624,-12.3733,-13.4335
63,-12.6,2.67864,4.3495300000000015,7.2701,10.6303,14.8488,19.0449,24.0195,28.8993,34.6097,40.6919,46.0166,52.878,59.0464,64.2781,69.9701,75.1194,77.2131,82.8874,84.6253,90.6274,93.5389,95.0949,95.7746,97.1102,95.4192,94.8082,91.8907,86.56299999999999,77.2999,64.7984,51.1144,38.1905,21.4615,4.3211,-10.6163,-22.715,-39.1894,-57.903999999999996,-75.6597,-92.6076,-106.754,-122.784,-133.764,-150.384,-160.2,-174.364,-188.453,-196.474,-204.939,-213.345,-216.746,-225.004,-228.99400000000003,-230.42,-228.896,-226.368,-224.175,-216.604,-208.776,-194.413,-186.196,-176.342,-172.188,-153.303,-146.14700000000005,-137.267,-124.723,-108.317,-97.1355,-88.7833,-80.4667,-73.2127,-61.0667,-52.2093,-48.43,-41.6528,-32.7838,-31.8792,-26.5564,-22.0782,-20.7979,-19.3178,-20.1717
64,-12.8,2.66935,4.34219,7.266369999999998,10.6518,14.8976,19.1519,24.1911,29.1577,35.0028,41.2694,46.8468,54.0051,60.527,66.1412,72.2341,77.8161,80.0254,86.2163,88.2343,95.074,98.4983,100.73,101.842,103.644,102.245,102.065,99.2432,94.1151,84.5957,71.6813,57.5846,44.1379,26.8818,9.0868,-6.5525400000000005,-19.7728,-37.2311,-57.2145,-76.2112,-94.6605,-109.871,-127.486,-139.6,-157.666,-168.905,-184.591,-200.217,-209.751,-219.30900000000003,-229.164,-233.536,-242.722,-247.613,-249.955,-248.585,-246.597,-244.66,-236.676,-228.722,-213.906,-205.212,-194.967,-189.932,-170.15599999999995,-162.38299999999995,-152.8,-139.803,-122.406,-110.196,-100.987,-91.9101,-83.7675,-71.0182,-61.9286,-57.9971,-50.2761,-41.548,-40.2948,-34.6002,-29.7916,-28.3447,-26.5429,-27.1305
65,-13.0,2.65162,4.32065,7.23809,10.6338,14.8908,19.1798,24.2597,29.2921,35.2454,41.667,47.4672,54.888000000000005,61.7324,67.7039,74.1775,80.178,82.4689,89.1724,91.464,99.1636,103.121,106.042,107.624,109.926,108.882,109.184,106.542,101.689,92.1309,78.9148,64.5232,50.4972,32.8453,14.4956,-1.7075,-16.079,-34.4579,-55.6167,-75.8203,-95.7454,-112.032,-131.227,-144.486,-164.037,-176.731,-194.026,-211.205,-222.226,-232.969,-244.316,-249.794,-259.96,-265.773,-269.226,-268.189,-266.89,-265.346,-257.103,-249.038,-233.919,-224.806,-214.265,-208.323,-187.729,-179.38299999999995,-168.89700000000005,-155.362,-137.036,-123.758,-113.659,-103.851,-94.7657,-81.3599,-71.9297,-67.7461,-59.4045,-50.8502,-49.1652,-43.04600000000001,-37.8869,-36.205,-34.0563,-34.3252
66,-13.2,2.62622,4.2861400000000005,7.18752,10.5777,14.8308,19.1352,24.2368,29.3144,35.3504,41.8976,47.8903,55.5381,62.6713,68.9712,75.7992,82.1967,84.52799999999999,91.7334,94.2874,102.86,107.364,110.979,113.057,115.88,115.239,116.067,113.679,109.164,99.7228,86.3476,71.8428,57.3062,39.3738,20.515,3.87345,-11.545,-30.8375,-53.0686,-74.407,-95.7635,-113.117,-133.882,-148.282,-169.33599999999996,-183.502,-202.451,-221.227,-233.764,-245.779,-258.588,-265.29200000000003,-276.48900000000003,-283.263,-287.96,-287.314,-286.85,-285.789,-277.506,-269.432,-254.172,-244.794,-234.046,-227.194,-205.929,-197.006,-185.544,-171.232,-152.072,-137.704,-126.703,-116.217,-106.144,-92.0382,-82.1677,-77.635,-69.1033,-60.6703,-58.495,-51.9133,-46.3902,-44.4269,-41.9141,-41.828
67,-13.4,2.59415,4.240480000000002,7.11775,10.49,14.7261,19.0311,24.1373,29.2415,35.3367,41.9823,48.1389,55.9795,63.3681,69.9664,77.1197,83.8888,86.2149,93.9065,96.7075,106.16,111.215,115.524,118.115,121.466,121.264,122.652,120.577,116.451,107.263,93.9332,79.4853,64.5963,46.4991,27.238000000000003,10.184,-6.09185,-26.2469,-49.4947,-71.8417,-94.5744,-112.968,-135.284,-150.892,-173.44400000000005,-189.085,-209.713,-230.029,-244.145,-257.498,-271.78700000000003,-279.844,-292.061,-299.896,-305.865,-305.653,-306.184,-305.646,-297.428,-289.538,-274.267,-264.832,-254.038,-246.41,-224.579,-215.028,-202.659,-187.444,-167.55700000000004,-152.107,-140.213,-129.106,-118.025,-103.197,-92.8218,-87.8711,-79.2815,-70.921,-68.2092,-61.1329,-55.2358,-52.9579,-50.066,-49.5986
68,-13.6,2.55611,4.1848,7.030689999999999,10.3755,14.5826,18.8747,23.9701,29.083000000000002,35.2155,41.9336,48.2268,56.2274,63.8376,70.7044,78.1516,85.2648,87.5361,95.6934,98.7215,109.057,114.666,119.661,122.778,126.66,126.924,128.894,127.182,123.487,114.672,101.584,87.3279,72.2809,54.155,34.6726,17.2101,0.22505100000000006,-20.6434,-44.8523,-68.0988,-92.1125,-111.507,-135.322,-152.33100000000005,-176.355,-193.446,-215.776,-237.498,-253.262,-268.003,-283.753,-293.257,-306.538,-315.566,-322.746,-323.07,-324.6740000000001,-324.732,-316.589,-309.06,-293.922,-284.569,-273.895,-265.71,-243.439,-233.3,-220.108,-203.959,-183.457,-166.952,-154.192,-142.52700000000004,-130.417,-114.859,-103.936,-98.5534,-89.8486,-81.5155,-78.2301,-70.634,-64.3567,-61.7388,-58.4577,-57.5892
69,-13.8,2.51243,4.119680000000002,6.92732,10.2356,14.4024,18.6685,23.7381,28.8424,34.991,41.7558,48.1582,56.2856,64.0827,71.1864,78.893,86.3193,88.4803,97.0759,100.312,111.529,117.682,123.353,127.003,131.409,132.16,134.724,133.415,130.181,121.827,109.098,95.1503,80.1702,62.1784,42.687,24.9053,7.23155,-14.1051,-39.1558,-63.2757,-88.3955,-108.717,-134.025,-152.562,-178.00400000000005,-196.502,-220.54,-243.609,-261.097,-277.281,-294.403,-305.436,-319.772,-330.096,-338.5,-339.485,-342.163,-342.857,-334.843,-327.8130000000001,-312.97,-303.748,-293.251,-284.699,-262.16200000000003,-251.59,-237.682,-220.649,-199.631,-182.1,-168.509,-156.35299999999995,-143.17700000000005,-126.891,-115.383,-109.595,-100.735,-92.4052,-88.524,-80.3965,-73.7386,-70.7644,-67.0924,-65.8113
70,-14.0,2.46351,4.0456,6.80858,10.0717,14.1875,18.4153,23.4443,28.5238,34.6674,41.4541,47.9383,56.1596,64.1084,71.4164,79.3466,87.0518,89.0434,98.0625,101.482,113.568,120.245,126.572,130.756,135.678,136.928,140.094,139.218,136.47,128.645,116.347,102.803,88.0936,70.4301,51.1639,33.2164,14.8649,-6.73194,-32.4463,-57.4047,-83.4582,-104.594,-131.431,-151.476,-178.268,-198.133,-223.862,-248.285,-267.546,-285.214,-303.706,-316.357,-331.654,-343.367,-352.9980000000001,-354.749,-358.5540000000001,-359.87,-352.116,-345.63199999999995,-331.219,-322.218,-311.886,-303.086,-280.452,-269.611,-255.106,-237.356,-215.919,-197.414,-183.04,-170.46599999999995,-156.211,-139.207,-127.089,-120.911,-111.868,-103.532,-99.0413,-90.3789,-83.3443,-80.003,-75.9437,-74.2435
71,-14.2,2.40976,3.96309,6.6753300000000015,9.88548,13.9397,18.1177,23.0919,28.1312,34.2492,41.0339,47.5731,55.8553,63.9214,71.3988,79.5172,87.4632,89.2241,98.6845,102.232,115.16,122.333,129.291,134.003,139.431,141.183,144.955,144.53,142.284,135.042,123.235,110.162,95.8571,78.7168,59.8882,41.9788,23.1094,1.35054,-24.8125,-50.511,-77.3739,-99.20299999999999,-127.499,-149.002,-177.10299999999995,-198.274,-225.667,-251.431,-272.48400000000004,-291.655,-311.563,-325.892,-342.1280000000001,-355.351,-366.132,-368.733,-373.694,-375.675,-368.329,-362.37,-348.51,-339.789,-329.682,-320.689,-298.1090000000001,-287.082,-272.075,-253.788,-232.044,-212.655,-197.558,-184.67,-169.359,-151.653,-138.92,-132.351,-123.104,-114.754,-109.647,-100.449,-93.0441,-89.3293,-84.889,-82.7665
72,-14.4,2.3515,3.87282,6.528580000000002,9.67845,13.6612,17.7785,22.6842,27.6689,33.7415,40.5009,47.0686,55.3791,63.5283,71.1393,79.4095,87.5556,89.0214,98.9673,102.56,116.288,123.92,131.48,136.70600000000002,142.626,144.878,149.25,149.285,147.54399999999995,140.92,129.644,117.092,103.281,86.8069,68.5718,50.9467,31.8291,10.0511,-16.3491,-42.7237,-70.2191,-92.681,-122.23,-145.089,-174.513,-196.894,-225.902,-252.978,-275.828,-296.504,-317.844,-333.88,-351.091,-365.907,-377.831,-381.376,-387.452,-390.133,-383.314,-377.922,-364.744,-356.301,-346.474,-337.371,-314.98,-303.7940000000001,-288.322,-269.636,-247.696,-227.513,-211.768,-198.706,-182.402,-164.023,-150.679,-143.726,-134.265,-125.9,-120.174,-110.442,-102.678,-98.5883,-93.77600000000001,-91.2316
73,-14.6,2.28907,3.77542,6.36932,9.45207,13.3541,17.4005,22.2248,27.1409,33.1494,39.8611,46.4317,54.739,62.9371,70.6463,79.0314,87.3364,88.4401,98.9366,102.483,116.954,125.0,133.118,138.838,145.232,147.977,152.942,153.438,152.19799999999995,146.214,135.5,123.501,110.253,94.5613,77.0232,59.9036,40.7971,19.2365,-7.18151,-34.1609,-62.1216,-85.12799999999999,-115.682,-139.759,-170.485,-193.99,-224.531,-252.874,-277.51,-299.681,-322.458,-340.216,-358.422,-374.874,-387.9980000000001,-392.554,-399.766,-403.134,-396.942,-392.164,-379.783,-371.679,-362.133,-353.061,-330.914,-319.642,-303.709,-284.726,-262.671,-241.767,-225.446,-212.346,-195.143,-176.125,-162.185,-154.862,-145.19,-136.812,-130.47299999999998,-120.213,-112.102,-107.644,-102.471,-99.5083
74,-14.8,2.22288,3.67143,6.19854,9.20777,13.0208,16.9865,21.7173,26.5515,32.4782,39.1207,45.6693,53.943000000000005,62.1566,69.929,78.3917,86.814,87.55,98.6216,102.02,117.164,125.565,134.18200000000002,140.372,147.22,150.447,155.991,156.94299999999996,156.19299999999996,150.863,140.726,129.29399999999998,116.654,101.85,85.09200000000001,68.6175,49.7102,28.6164,2.44537,-24.9357,-53.2577,-76.6524,-107.953,-133.165,-165.023,-189.584,-221.566,-251.096,-277.483,-301.12,-325.393,-344.872,-364.081,-382.208,-396.503,-402.11,-410.519,-414.605,-409.158,-404.985,-393.444,-385.78,-376.57,-367.7,-345.79,-334.478,-318.135,-298.963,-276.837,-255.276,-238.405,-225.379,-207.362,-187.739,-173.222,-165.549,-155.673,-147.29399999999995,-140.351,-129.57299999999998,-121.131,-116.311,-110.791,-107.419
75,-15.0,2.15331,3.56147,6.01729,8.94705,12.6632,16.5392,21.1653,25.9053,31.7334,38.2863,44.7889,52.9998,61.1963,68.9976,77.501,85.9995,86.4999,98.06,101.202,116.937,125.623,134.671,141.295,148.567,152.262,158.36700000000005,159.765,159.491,154.82,145.265,134.40200000000002,122.396,108.551,92.6855,76.9231,58.3577,37.9339,12.2936,-15.194,-43.691,-67.4088,-99.1607,-125.42,-158.175,-183.65,-217.036,-247.63,-275.705,-300.816,-326.694,-347.876,-368.083,-387.929,-403.292,-409.98,-419.572,-424.439,-419.848,-416.331,-405.635,-398.443,-389.667,-381.158,-359.564,-348.149,-331.482,-312.232,-290.123,-267.988,-250.518,-237.652,-218.898,-198.713,-183.638,-175.639,-165.57299999999995,-157.207,-149.675,-138.391,-129.634,-124.463,-118.612,-114.842
76,-15.2,2.08074,3.44621,5.82662,8.67148,12.2836,16.0614,20.5725,25.2065,30.9204,37.3644,43.7983,51.9184,60.0663,67.8639,76.372,84.9063,85.4008,97.3026,100.076,116.312,125.204,134.608,141.622,149.27200000000005,153.412,160.06,161.894,162.077,158.06799999999996,149.096,138.798,127.446,114.608,99.7562,84.7734,66.6581,47.0662,22.1967,-5.08321,-33.4724,-57.468,-89.4377,-116.524,-150.04399999999995,-176.192,-210.984,-242.461,-272.138,-298.818,-326.33,-349.185,-370.376,-391.972,-408.372,-416.173,-426.874,-432.517,-428.8730000000001,-426.12,-416.332,-409.601,-401.298,-393.286,-372.154,-360.597,-343.64,-324.4190000000001,-302.456,-279.856,-261.753,-249.092,-229.667,-208.979,-193.36900000000003,-185.07,-174.843,-166.51,-158.404,-146.63,-137.576,-132.06799999999998,-125.904,-121.75
77,-15.4,2.00545,3.32596,5.62699,8.38199,11.8828,15.5547,19.9405,24.4575,30.0415,36.3578,42.7003,50.702,58.7699,66.5303,75.0067,83.5366,84.3212,96.4095,98.6956,115.335,124.346,134.019,141.366,149.336,153.888,161.053,163.31,163.93099999999995,160.582,152.188,142.445,131.75799999999998,119.962,106.197,92.1018,74.5267,55.8797,31.9456,5.1644,-22.7745,-46.8213,-78.8762,-106.566,-140.704,-167.31099999999995,-203.417,-235.614,-266.731,-295.064,-324.228,-348.676,-370.804,-394.164,-411.628,-420.573,-432.386,-438.771,-436.209,-434.18,-425.387,-419.175,-411.385,-403.916,-383.36,-371.744,-354.526,-335.3880000000001,-313.676,-290.7270000000001,-272.052,-259.644,-239.568,-218.423,-202.303,-193.735,-183.39,-175.111,-166.45,-154.202,-144.899,-139.067,-132.607,-128.083
78,-15.6,1.92759,3.20091,5.41858,8.0789,11.4614,15.0196,19.2698,23.6584,29.0969,35.2662,41.4941,49.3482,57.3036,64.9912,73.3979,81.8801,83.2102,95.4474,97.1238,114.057,123.085,132.929,140.534,148.759,153.67600000000004,161.317,163.981,165.019,162.322,154.494,145.28799999999995,135.267,124.532,111.883,98.7645,81.8315,64.179,41.3097,15.2302,-11.9096,-35.6748,-67.5577,-95.7074,-130.157,-157.134,-194.277,-227.132,-259.551,-289.4,-320.283,-346.279,-369.211,-394.317,-412.857,-422.968,-435.955,-443.139,-441.891,-440.3,-432.564,-426.962,-419.832,-412.924,-392.955,-381.391,-364.03,-345.0,-323.572,-300.398,-281.23400000000004,-269.218,-248.49,-226.933,-210.30900000000003,-201.493,-191.064,-182.859,-173.662,-160.958,-151.481,-145.335,-138.592,-133.711
79,-15.8,1.84735,3.07153,5.20224,7.763339999999999,11.0211,14.4581,18.563,22.8125,28.0903,34.0939,40.1842,47.8624,55.6732,63.2522,71.5508,79.941,81.8648,94.3655,95.4162,112.525,121.46,131.365,139.14,147.54,152.767,160.835,163.88099999999997,165.308,163.251,155.971,147.276,137.911,128.245,116.724,104.619,88.3936,71.7752,50.083999999999996,24.8536,-1.2735299999999998,-24.4925,-55.8024,-84.1062,-118.523,-145.866,-183.649,-217.144,-250.77,-281.873,-314.378,-341.971,-365.576,-392.345,-411.951,-423.228,-437.414,-445.489,-445.793,-444.424,-437.721,-432.797,-426.466,-420.273,-400.887,-389.364,-371.99300000000005,-353.175,-332.064,-308.717,-289.133,-277.661,-256.346,-234.453,-217.322,-208.23,-197.763,-189.649,-179.93400000000003,-166.787,-157.184,-150.735,-143.724,-138.501
80,-16.0,1.76511,2.93846,4.9791300000000005,7.437010000000001,10.5645,13.8733,17.8248,21.9249,27.0289,32.849000000000004,38.7806,46.2564,53.8923,61.3297,69.4828,77.7394,80.1793,92.9865,93.6263,110.792,119.521,129.369,137.221,145.70600000000005,151.18200000000004,159.618,163.011,164.792,163.357,156.602,148.386,139.661,131.064,120.676,109.601,94.1078,78.5678,58.1273,33.9443,8.89781,-13.5848,-43.9993,-71.9516,-106.001,-133.689,-171.727,-205.8,-240.395,-272.688,-306.491,-335.6330000000001,-359.932,-388.23,-408.872,-421.299,-436.682,-445.691,-447.701,-446.624,-440.872,-436.601,-431.144,-425.856,-407.227,-395.581,-378.291,-359.826,-339.207,-315.601,-295.678,-284.866,-263.079,-240.935,-223.347,-213.858,-203.455,-195.447,-185.231,-171.657,-161.944,-155.209,-147.947,-142.398
81,-16.2,1.68124,2.80236,4.7503400000000005,7.101489999999999,10.0943,13.2683,17.0595,21.000999999999998,25.9193,31.5399,37.2932,44.5425,51.9749,59.2404,67.2125,75.2967,78.1709,91.2244,91.7008,108.824,117.324,126.995,134.827,143.298,148.958,157.69799999999995,161.393,163.486,162.637,156.382,148.61,140.50799999999998,132.97299999999998,123.718,113.682,98.9378,84.5091,65.363,42.4245,18.5032,-3.09081,-32.3951,-59.536,-92.8773,-120.657,-158.685,-193.199,-228.447,-261.97700000000003,-296.677,-327.238,-352.245,-382.017,-403.607,-417.145,-433.716,-443.68,-447.483,-446.839,-442.115,-438.413,-433.796,-429.538,-411.903,-400.046,-382.849,-364.86300000000006,-344.964,-321.038,-300.813,-290.782,-268.636,-246.323,-228.36,-218.371,-208.091,-200.213,-189.537,-175.554,-165.747,-158.744,-151.251,-145.398
82,-16.4,1.59618,2.6638900000000003,4.51706,6.758489999999999,9.61267,12.6466,16.2712,20.0464,24.7684,30.1749,35.7322,42.7329,49.9358,57.0006,64.7593,72.634,75.861,89.0964,89.4673,106.483,114.837,124.293,132.002,140.355,146.122,155.092,159.03799999999995,161.44299999999996,161.101,155.3,147.93200000000004,140.42700000000002,133.942,125.815,116.818,102.826,89.5294,71.6996,50.1067,27.3936,6.806539999999999,-21.2418,-47.2893,-79.6273,-107.051,-144.76,-179.554,-215.166,-249.794,-285.076,-316.91,-342.5180000000001,-373.779,-396.22,-410.776,-428.501,-439.427,-445.083,-444.959,-441.42,-438.36800000000005,-434.353,-431.24,-414.756,-402.817,-385.586,-368.205,-349.2,-325.063,-304.461,-295.347,-272.945,-250.541,-232.278,-221.813,-211.643,-203.86900000000003,-192.804,-178.44799999999995,-168.565,-161.311,-153.608,-147.472
83,-16.6,1.51032,2.52373,4.28052,6.40992,9.12203,12.0117,15.4642,19.0663,23.5826,28.7626,34.1078,40.8401,47.7898,54.6272,62.1426,69.7733,73.2726,86.6245,86.8493,103.702,111.937,121.24,128.79,136.92,142.70600000000005,151.827,155.96200000000005,158.702,158.817,153.362,146.339,139.399,133.95,126.935,118.971,105.723,93.5698,77.0571,56.8547,35.4265,15.9478,-10.7404,-35.5422,-66.6459,-93.3413,-130.30700000000002,-165.084,-200.802,-236.263,-271.867,-304.773,-330.913,-363.502,-386.756,-402.23800000000006,-421.045,-432.917,-440.476,-440.9380000000001,-438.68,-436.464,-432.871,-430.897,-415.69,-403.85,-386.516,-369.777,-351.8230000000001,-327.649,-306.639,-298.498,-275.941,-253.529,-235.024,-224.176,-214.161,-206.366,-194.96400000000003,-180.297,-170.37,-162.884,-154.99200000000005,-148.594
84,-16.8,1.42409,2.38239,4.04177,6.05746,8.6247,11.3666,14.6426,18.0662,22.3685,27.3112,32.4298,38.8762,45.5514,52.137,59.3818,66.7369,70.4304,83.8336,83.8761,100.507,108.573,117.736,125.181,133.046,138.761,147.94799999999995,152.202,155.248,155.84,150.67,143.864,137.429,132.997,127.077,120.135,107.617,96.6108,81.408,62.63,42.5377,24.2467,-0.959502,-24.432,-54.1265,-79.8217,-115.683,-149.961,-185.474,-221.596,-257.165,-290.973,-317.573,-351.21,-375.163,-391.587,-411.359,-424.131,-433.631,-434.736,-433.828,-432.585,-429.505,-428.456,-414.639,-403.05,-385.736,-369.525,-352.775,-328.737,-307.469,-300.196,-277.591,-255.261,-236.574,-225.436,-215.63,-207.697,-195.99400000000003,-181.078,-171.158,-163.463,-155.405,-148.77200000000005
85,-17.0,1.33787,2.24035,3.80202,5.70266,8.12317,10.7144,13.8107,17.0511,21.1324,25.8287,30.7083,36.853,43.2351,49.547,56.4965,63.5474,67.3606,80.7506,80.5794,96.9299,104.776,113.743,121.092,128.735,134.343,143.507,147.806,151.084,152.14700000000005,147.395,140.596,134.532,131.09,126.246,120.314,108.506,98.6462,84.7399,67.4113,48.6955,31.6503,8.03941,-14.0474,-42.1983,-66.6721,-101.168,-134.47299999999998,-169.37400000000005,-205.978,-241.192,-275.673,-302.545,-336.994,-361.48800000000006,-378.842,-399.518,-413.084,-424.54,-426.327,-426.83,-426.658,-424.286,-423.872,-411.551,-400.364,-383.251,-367.402,-352.011,-328.285,-306.986,-300.409,-277.869,-255.718,-236.937,-225.578,-215.988,-207.86,-195.898,-180.794,-170.93099999999995,-163.05200000000005,-154.858,-148.02
86,-17.2,1.25205,2.09822,3.56241,5.347,7.61976,10.0584,12.9727,16.0262,19.8811,24.3231,28.953000000000003,34.7828,40.8553,46.8742,53.5067,60.2277,64.0912,77.4036,76.9928,93.0056,100.584,109.297,116.497,123.924,129.452,138.515,142.822,146.255,147.73,143.58,136.691,130.809,128.30100000000002,124.489,119.536,108.39,99.6716,87.0424,71.1792,53.8779,38.1445,16.1648,-4.45647,-30.9748,-54.0672,-86.994,-118.962,-152.795,-189.514,-224.301,-259.004,-285.996,-320.934,-345.91,-363.983,-385.664,-399.834,-413.221,-415.703,-417.664,-418.645,-417.144,-417.247,-406.383,-395.742,-379.0,-363.486,-349.49300000000005,-326.254,-305.136,-299.115,-276.747,-254.881,-236.11,-224.588,-215.228,-206.854,-194.681,-179.44799999999995,-169.69099999999997,-161.659,-153.363,-146.356
87,-17.4,1.16695,1.95661,3.32391,4.9921,7.11671,9.4016,12.1326,14.9968,18.621,22.8028,27.1739,32.6779,38.4265,44.1359,50.4322,56.8011,60.6514,73.8226,73.1518,88.7706,96.0372,104.442,111.439,118.622,124.041,132.935,137.264,140.803,142.624,139.10299999999998,132.342,126.425,124.753,121.878,117.83,107.269,99.68299999999999,88.3054,73.915,58.0634,43.7153,23.344,4.26978,-20.5663,-42.1463,-73.3551,-103.727,-136.089,-172.47299999999996,-206.76,-241.154,-268.222,-303.188,-328.644,-347.075,-369.903,-384.429,-399.679,-402.951,-406.37,-408.561,-408.069,-408.7,-399.125,-389.153,-372.952,-357.986,-345.199,-322.61,-301.891,-296.2920000000001,-274.202,-252.733,-234.083,-222.475,-213.342,-204.677,-192.347,-177.043,-167.43599999999995,-159.289,-150.929,-143.795
88,-17.6,1.08289,1.8162,3.08744,4.63969,6.616389999999999,8.74736,11.2946,13.9681,17.3588,21.2761,25.3813,30.5509,35.9637,41.3496,47.2935,53.2904,57.0721,70.0389,69.0935,84.2634,91.1776,99.2247,105.965,112.886,118.135,126.776,131.105,134.735,136.835,133.891,127.702,121.508,120.541,118.468,115.212,105.133,98.6597,88.5007,75.5787,61.1912,48.2596,29.4793,11.9895,-11.1289,-31.0863,-60.4972,-89.1189,-119.769,-155.416,-188.894,-222.499,-249.528,-284.143,-309.936,-328.394,-352.314,-367.008,-383.967,-388.192,-392.996,-396.405,-397.018,-398.101,-389.794,-380.597,-365.102,-351.00699999999995,-339.1140000000001,-317.326,-297.241,-291.914,-270.211,-249.241,-230.83,-219.253,-210.308,-201.313,-188.882,-173.563,-164.146,-155.929,-147.54399999999995,-140.326
89,-17.8,1.00009,1.67783,2.85384,4.29126,6.12111,8.09884,10.4626,12.9452,16.1007,19.7509,23.5853,28.4139,33.4815,38.5328,44.1107,49.7187,53.3849,66.0855,64.8569,79.5245,86.0501,93.6928,100.13,106.75,111.806,120.129,124.374,128.045,130.357,127.954,122.726,116.256,115.842,114.433,111.83,102.073,96.6585,87.6433,76.163,63.2276,51.7067,34.5082,18.6104,-2.76452,-21.0174,-48.552,-75.3796,-104.174,-138.755,-171.03400000000005,-203.419,-230.05,-264.121,-289.937,-308.184,-332.965,-347.815,-366.213,-371.38,-377.457,-382.048,-383.805,-385.323,-378.4,-370.082,-355.454,-342.5490000000001,-331.2290000000001,-310.388,-291.193,-285.968,-264.77,-244.394,-226.345,-214.944,-206.068,-196.763,-184.29,-169.014,-159.826,-151.584,-143.217,-135.964
90,-18.0,0.918811,1.54195,2.62388,3.94795,5.63272,7.45852,9.64001,11.9322,14.8525,18.2343,21.7947,26.2788,30.9939,35.7027,40.904,46.1115,49.6231,61.9995,60.4854,74.6014,80.7084,87.9073,93.9999,100.27,105.108,113.096,117.196,120.807,123.25,121.34,117.171,110.93,110.907,110.028,107.93,98.2916,93.8367,85.814,75.7104,64.1887,54.0633,38.4285,24.1206,4.5030199999999985,-11.9772,-37.5401,-62.5952,-89.3553,-122.65,-153.41299999999995,-184.208,-209.982,-243.198,-268.704,-286.5540000000001,-311.88,-327.006,-346.441,-352.557,-359.7030000000001,-365.36,-368.241,-370.286,-364.8730000000001,-357.57,-343.9840000000001,-332.408,-321.448,-301.735,-283.7290000000001,-278.387,-257.821,-238.139,-220.592,-209.539,-200.547,-191.002,-178.551,-163.379,-154.482,-146.259,-137.95600000000002,-130.725
91,-18.2,0.8393299999999999,1.40867,2.39815,3.61068,5.15252,6.82822,8.82922,10.9325,13.6189,16.7325,20.0176,24.1557,28.5143,32.8755,37.6935,42.4935,45.818999999999996,57.8191,56.0242,69.5454,75.2109,81.9354,87.65100000000001,93.5331,98.1117,105.743,109.686,113.177,115.655,114.153,110.954,105.488,105.726,105.26,103.548,94.0216,90.4032,83.1795,74.3567,64.1866,55.4128,41.2924,28.5432,10.6885,-3.99349,-27.5393,-50.7719,-75.3421,-107.225,-136.23,-165.144,-189.677,-221.475,-246.25,-263.714,-289.0490000000001,-304.616,-324.5440000000001,-331.777,-339.802,-346.264,-350.199,-352.827,-349.071,-342.982,-330.644,-320.1790000000001,-309.583,-291.252,-274.802,-269.036,-249.261,-230.367,-213.481,-202.879,-193.685,-183.961,-171.59400000000005,-156.607,-148.09799999999996,-139.933,-131.749,-124.603
92,-18.4,0.761893,1.27825,2.17733,3.28042,4.6821,6.21007,8.03304,9.94995,12.4047,15.2519,18.2621,22.0545,26.0554,30.0664,34.4973,38.885999999999996,42.0004,53.5749,51.5107,64.3977,69.6053,75.8317,81.1436,86.6065,90.8926,98.1247,101.89,105.259,107.721,106.521,104.171,99.5958,100.026,99.9071,98.5171,89.5131,86.5956,79.9668,72.3071,63.4033,55.8878,43.1648,31.9054,15.8108,2.91048,-18.6156,-39.9015,-62.2763,-92.6104,-119.621,-146.495,-169.484,-199.333,-222.931,-240.035,-264.659,-280.719,-300.687,-308.941,-317.9190000000001,-324.797,-329.68,-333.094,-330.905,-326.212,-315.308,-305.678,-295.599,-278.958,-264.293,-257.871,-239.068,-221.068,-205.036,-194.793,-185.463,-175.623,-163.408,-148.731,-140.686,-132.625,-124.629,-117.645
93,-18.6,0.6867449999999999,1.15127,1.96231,2.95847,4.22342,5.60663,7.25489,8.98895,11.2155,13.7992,16.5365,19.9857,23.6298,27.2902,31.3329,35.3099,38.192,49.2932,46.9773,59.193000000000005,63.9307,69.6408,74.5271,79.5458,83.5108,90.3065,93.8558,97.0825,99.5268,98.5677,96.921,93.1185,93.6889,93.8728,92.7599,84.7378,82.3982,76.3528,69.7063,61.9469,55.5475,44.0381,34.1576,19.795,8.64438,-10.8816,-30.1608,-50.3677,-79.0233,-103.806,-128.57299999999998,-149.845,-177.46099999999996,-199.581,-216.09,-239.372,-255.598,-275.323,-284.3520000000001,-294.283,-301.324,-306.9240000000001,-311.427,-310.413,-307.177,-297.805,-288.981,-279.677,-265.051,-252.007,-244.948,-227.308,-210.36,-195.268,-185.28,-175.91,-166.032,-154.061,-139.821,-132.293,-124.393,-116.669,-109.935
94,-18.8,0.6140479999999999,1.0284,1.75404,2.64618,3.77836,5.02024,6.49812,8.05365,10.0563,12.3812,14.8491,17.9596,21.2501,24.5617,28.2179,31.7858,34.4191,45.0001,42.4568,53.9656,58.2269,63.4079,67.8528,72.4075,76.0285,82.3549,85.6539,88.6922,91.0992,90.3835,89.29700000000001,86.1707,86.8069,87.2403,86.3499,79.4103,77.5759,72.3429,66.5675,59.8309,54.4094,44.0551,35.3729,22.6625,13.1783,-4.41134,-21.6834,-39.7136,-66.5863,-88.9813,-111.579,-131.07,-156.333,-176.773,-192.368,-213.931,-229.725,-248.745,-258.448,-269.035,-276.213,-282.295,-287.857,-287.716,-285.918,-278.105,-270.198,-262.016,-249.555,-237.868,-230.344,-214.094,-198.285,-184.087,-174.4,-165.075,-155.253,-143.657,-129.955,-123.013,-115.35,-107.992,-101.598
95,-19.0,0.544035,0.91007,1.55342,2.34483,3.34872,4.45315,5.76585,7.147989999999999,8.932260000000003,11.0043,13.208,15.9861,18.9288,21.8956,25.1697,28.3342,30.7067,40.7218,37.9824,48.7507,52.5341,57.1794,61.1727,65.2504,68.5103,74.3412,77.362,80.1726,82.4931,82.0015,81.3674,78.8711,79.532,80.1491,79.4179,73.4613,72.081,67.75399999999999,62.7627,56.9766,52.449,43.3797,35.829,24.6347,16.6309,0.838872,-14.446,-30.3069,-55.2717,-75.1747,-95.5867,-113.255,-136.088,-154.701,-169.12900000000005,-188.771,-203.624,-221.365,-231.421,-242.342,-249.605,-256.02,-262.361,-263.118,-262.666,-256.383,-249.523,-242.813,-232.257,-221.93,-214.173,-199.471,-184.779,-171.50099999999995,-162.2,-153.03,-143.388,-132.32399999999998,-119.269,-113.003,-105.665,-98.7636,-92.7833
96,-19.2,0.476995,0.796625,1.36124,2.05562,2.93622,3.90783,5.06128,6.27597,7.84841,9.6752,11.6215,14.0755,16.6782,19.3067,22.2058,24.9756,27.0802,36.4841,33.5878,43.5835,46.8932,51.0026,54.5398,58.1352,61.0224,66.3383,69.0588,71.6105,73.8005,73.48,73.2133,71.2891,71.9923,72.7256,72.1441,67.0499,66.0571,62.5463,58.2719,53.3842,49.6883,41.9428,35.6512,25.8383,19.0976,5.02583,-8.33111,-22.0606,-44.9962,-62.4307,-80.6474,-96.47,-116.834,-133.519,-146.595,-164.179,-177.773,-193.882,-203.674,-214.43,-221.679,-228.202,-235.023,-236.895,-237.642,-232.971,-227.263,-222.103,-213.087,-204.279,-196.618,-183.376,-169.859,-157.591,-148.757,-139.882,-130.589,-120.229,-107.945,-102.436,-95.5013,-89.1232,-83.6169
97,-19.4,0.413119,0.688617,1.1782,1.77978,2.54266,3.38683,4.38767,5.44186,6.8101,8.40051,10.0978,12.2383,14.5111,16.8101,19.3439,21.7311,23.5657,32.3141,29.3073,38.5003,41.3461,44.9255,48.0081,51.1228,53.6324,58.4202,60.8253,63.0936,65.1152,64.9193,64.9398,63.5046,64.2458,65.0433,64.6626,60.3627,59.6696,56.8699,53.2252,49.1634,46.2198,39.6968,34.7021,26.1851,20.6587,8.30655,-3.22553,-14.9102,-35.7368,-50.8612,-66.8685,-80.8275,-98.7252,-113.434,-125.044,-140.505,-152.648,-166.96099999999996,-176.007,-185.995,-193.008,-199.429,-206.327,-209.212,-210.955,-208.116,-203.754,-199.888,-192.33,-185.02,-177.80599999999995,-165.866,-153.66,-142.483,-134.215,-125.83,-117.078,-107.588,-96.1725,-91.4682,-85.00299999999999,-79.1943,-74.2196
98,-19.6,0.352655,0.5866560000000001,1.00505,1.51862,2.16986,2.8926,3.74837,4.64997,5.8229,7.1871399999999985,8.645539999999999,10.4851,12.4404,14.4213,16.6021,18.6227,20.19,28.2391,25.176,33.5382,35.9355,38.9972,41.6329,44.2754,46.41,50.6621,52.7439,54.7109,56.5317,56.4202,56.6515,55.6241,56.3636,57.1827,57.0035,53.4998,53.0179,50.8234,47.755,44.4202,42.1265,36.6989,32.8931,25.6042,21.3749,10.7094,0.850152,-8.94438,-27.6604,-40.5942,-54.4277,-66.5185,-81.9972,-94.7391,-104.848,-118.194,-128.808,-141.27100000000004,-149.362,-158.273,-164.762,-170.84799999999996,-177.394,-180.796,-183.21400000000003,-182.051,-179.22799999999995,-176.454,-170.38099999999997,-164.335,-157.809,-147.21,-136.422,-126.443,-118.87,-111.182,-103.138,-94.6231,-84.1455,-80.2614,-74.3214,-69.1141,-64.719
99,-19.8,0.295896,0.491246,0.842593,1.27336,1.81957,2.42766,3.1468,3.90441,4.89233,6.04214,7.273239999999999,8.82653,10.4791,12.1559,13.9987,15.672,16.9798,24.2867,21.2293,28.7345,30.7048,33.2678,35.4704,37.6571,39.4255,43.1418,44.8991,46.5547,48.1488,48.0892,48.4614,47.7637,48.4666,49.2662,49.2388,46.4888,46.1618,44.4841,41.9951,39.285,37.5319,33.0949,30.3201,24.1713,21.1998,12.2404,3.89798,-4.19038,-20.7719,-31.6336,-43.396,-53.6479,-66.7869,-77.6146,-86.2354,-97.5306,-106.611,-117.239,-124.295,-132.03799999999998,-137.83,-143.332,-149.235,-152.69899999999996,-155.399,-155.351,-153.857,-152.05200000000005,-147.405,-142.49,-136.829,-127.741,-118.481,-109.82,-103.08,-96.2376,-89.0235,-81.5457,-72.0607,-69.0002,-63.628,-59.045,-55.265
100,-20.0,0.243017,0.402774,0.691521,1.04525,1.4936,1.99459,2.58612,3.20918,4.0236800000000015,4.97233,5.98952,7.27295,8.64003,10.0288,11.5522,12.9005,13.9619,20.4841,17.5028,24.1264,25.6976,27.7877,29.5778,31.333000000000002,32.7513,35.9394,37.3785,38.7216,40.071,40.0399,40.4915,40.0518,40.6908,41.4357,41.5157,39.4252,39.218,37.9832,36.048,33.887,32.5848,29.0802,27.1485,22.0498,20.1593,12.8748,5.95158,-0.569133,-14.9113,-23.8802,-33.7273,-42.2017,-53.0988,-62.0885,-69.2614,-78.5952,-86.1698,-95.0084,-100.989,-107.526,-112.518,-117.294,-122.399,-125.626,-128.273,-128.82399999999998,-128.18200000000002,-127.137,-123.761,-119.95,-115.296,-107.848,-100.203,-92.9383,-87.1397,-81.2451,-74.9582,-68.5723,-60.126000000000005,-57.8835,-53.1138,-49.1705,-45.9979
101,-20.2,0.194238,0.321673,0.55257,0.835607,1.19379,1.59588,2.0695900000000003,2.56857,3.22235,3.9845,4.80293,5.83493,6.93627,8.055710000000001,9.28112,10.3303,11.1636,16.8596,14.0328,19.7522,20.9584,22.6083,24.0137,25.3695,26.4616,29.1363,30.2722,31.3101,32.4044,32.3882,32.8653,32.6196,33.1732,33.8359,33.9816,32.4588,32.3365,31.4724,30.0236,28.351999999999997,27.4249,24.7659,23.5148,19.393,18.3891,12.6164,7.0404100000000005,1.97564,-10.1036,-17.331,-25.3953,-32.191,-40.9686,-48.2216,-54.0144,-61.5032,-67.6313,-74.7636,-79.6653,-85.0046,-89.1468,-93.1279,-97.3666,-100.177,-102.556,-103.367,-103.22,-102.71,-100.374,-97.5692,-93.9462,-88.1077,-82.0547,-76.1943,-71.3966,-66.5128,-61.2372,-55.9788,-48.6021,-47.148999999999994,-43.003,-39.6961,-37.0752
102,-20.4,0.14998,0.248412,0.426685,0.645614,0.922082,1.23409,1.60068,1.98692,2.49385,3.08572,3.72203,4.52361,5.38112,6.25282,7.20455,7.984189999999999,8.61278,13.4417,10.8566,15.6512,16.5329,17.7823,18.8382,19.8344,20.6325,22.8157,23.6717,24.4205,25.2577,25.2523,25.7092,25.6002,26.0535,26.6132,26.7863,25.7401,25.6684,25.1014,24.0674,22.824,22.1959,20.2557,19.5408,16.3125,16.0126,11.5687,7.24252,3.49651,-6.39295,-12.0076,-18.38,-23.6515,-30.4584,-36.1063,-40.6123,-46.4035,-51.1795,-56.724,-60.5861,-64.7797,-68.0751,-71.2531,-74.6257,-76.9417,-78.9456,-79.8075,-79.9422,-79.7865,-78.2597,-76.2993,-73.6164,-69.2278,-64.6299,-60.0996,-56.3026,-52.4337,-48.2244,-44.1019,-37.7972,-37.0784,-33.552,-30.8522,-28.7415
103,-20.6,0.110698,0.183327,0.314854,0.476516,0.6804279999999999,0.911842,1.18279,1.46849,1.84377,2.28302,2.75552,3.3503,3.98793,4.63632,5.34157,5.88503,6.33779,10.2593,8.012,11.8629,12.4673,13.3632,14.1116,14.7971,15.3407,17.0628,17.6706,18.1562,18.7426,18.7545,19.1545,19.1321,19.4788,19.9218,20.0905,19.4319,19.3803,19.0382,18.3444,17.4679,17.0622,15.7135,15.3849,12.9504,13.1619,9.87969,6.69517,4.08861,-3.70615,-7.856489999999999,-12.6233,-16.5651,-21.5891,-25.7901,-29.1252,-33.3954,-36.9411,-41.0481,-43.9435,-47.0785,-49.5699,-51.9794,-54.5289,-56.3318,-57.9158,-58.706,-58.9748,-59.0301,-58.1093,-56.8241,-54.9474,-51.8126,-48.4857,-45.1534,-42.3004,-39.3872,-36.232,-33.2064,-27.9299,-27.8391,-25.0122,-22.8703,-21.2442
104,-20.8,0.0767111,0.12678599999999998,0.217932,0.32976500000000003,0.470685,0.631633,0.8193790000000001,1.01749,1.27783,1.58342,1.91226,2.32618,2.77029,3.22236,3.71148,4.0559400000000005,4.36739,7.341360000000001,5.53713,8.42704,8.80799,9.40494,9.89553,10.3277,10.6645,11.9646,12.3647,12.6229,12.9736,13.0208,13.3373,13.3598,13.6038,13.9249,14.0662,13.7106,13.6549,13.4707,13.0434,12.4736,12.2167,11.3345,11.2399,9.50273,10.0139,7.72975,5.59203,3.91857,-1.90201,-4.76639,-8.0762,-10.852,-14.3282,-17.2608,-19.5646,-22.5137,-24.9751,-27.8212,-29.8497,-32.0403,-33.7991,-35.5039,-37.3038,-38.6083,-39.7688,-40.4113,-40.7055,-40.8571,-40.3611,-39.5905,-38.3752,-36.287,-34.0383,-31.7482,-29.7472,-27.6805,-25.5085,-23.5015,-19.1583,-19.5163,-17.5367,-15.8718,-14.6686
105,-21.0,0.048193300000000015,0.0793543,0.136638,0.206682,0.294758,0.396038,0.51399,0.638181,0.801686,0.994196,1.20129,1.4623,1.74202,2.02723,2.33356,2.52012,2.73049,4.71747,3.4707,5.38422,5.60257,5.9625,6.25247,6.49761,6.684189999999999,7.60952,7.85185,7.92808,8.06833,8.18032,8.39741,8.43207,8.58758,8.79216,8.89195,8.7395,8.68492,8.599269999999999,8.36833,8.04727,7.87016,7.332039999999999,7.319889999999999,6.18675,6.78246,5.32509,4.14149,3.19545,-0.786678,-2.57753,-4.65666,-6.4221900000000005,-8.6125,-10.4737,-11.9122,-13.7598,-15.3071,-17.0933,-18.3786,-19.7625,-20.8841,-21.9731,-23.1215,-23.9697,-24.733,-25.1877,-25.4315,-25.5905,-25.3617,-24.951999999999998,-24.2473,-22.9929,-21.6208,-20.2043,-18.9355,-17.6023,-16.2791,-15.12,-11.7566,-12.3849,-11.2587,-9.93394,-9.03662
106,-21.2,0.0256293,0.0420966,0.07253989999999999,0.109693,0.156358,0.210226,0.273104,0.33891,0.425869,0.5286890000000001,0.639065,0.778514,0.927463,1.07976,1.24139,1.31704,1.4555,2.51881,1.8533,2.87019,2.98221,3.16887,3.31686,3.43845,3.52991,4.12467,4.25488,4.19297,4.222169999999998,4.36728,4.48654,4.51308,4.59895,4.70578,4.76092,4.70567,4.6774,4.64393,4.54186,4.40002,4.27615,3.98621,3.93364,3.3170900000000003,3.81139,3.00026,2.53764,2.10061,-0.197747,-1.14733,-2.26517,-3.21563,-4.39871,-5.40671,-6.17106,-7.1570100000000005,-7.98451,-8.93801,-9.62898,-10.370999999999999,-10.9767,-11.5658,-12.1866,-12.6516,-13.0742,-13.3384,-13.4936,-13.6058,-13.5204,-13.3372,-12.9919,-12.3537,-11.6443,-10.9077,-10.2246,-9.49863,-8.81289,-8.22183,-6.04412,-6.7107100000000015,-6.25295,-5.31235,-4.59353
107,-21.4,0.009996099999999999,0.016419299999999998,0.0282615,0.0427284,0.0609133,0.0819077,0.106501,0.132102,0.166044,0.206396,0.249561,0.304179,0.362283,0.421944,0.484137,0.501644,0.572425,0.972526,0.729592,1.11012,1.15469,1.22694,1.28375,1.32985,1.365,1.65628,1.70785,1.60285,1.63037,1.71596,1.7621,1.77442,1.80958,1.84959,1.87057,1.8521,1.84673,1.83659,1.80378,1.75973,1.70248,1.59076,1.5042799999999998,1.27556,1.55003,1.20526,1.08658,0.93815,0.00175644,-0.364581,-0.811473,-1.18547,-1.6593,-2.06153,-2.36099,-2.74897,-3.07496,-3.44985,-3.72288,-4.01534,-4.25537,-4.4889800000000015,-4.73527,-4.92162,-5.0922,-5.20225,-5.2705199999999985,-5.32249,-5.29975,-5.2391,-5.11385,-4.874219999999998,-4.6042,-4.32313,-4.05395,-3.76435,-3.49955,-3.25548,-2.2584,-2.66445,-2.55915,-2.15337,-1.67032
108,-21.6,0.00404745,0.00664428,0.0114221,0.0172634,0.0246101,0.0330927,0.0430309,0.0533857,0.0671152,0.08352860000000001,0.101014,0.123138,0.146606,0.17080399999999998,0.195538,0.197649,0.23287800000000006,0.390224,0.297054,0.44598,0.464279,0.493278,0.51594,0.534138,0.548342,0.6921609999999999,0.711991,0.623683,0.6627970000000001,0.697118,0.7155520000000001,0.720967,0.735585,0.751046,0.759224,0.752526,0.751961,0.748551,0.737192,0.721902,0.701298,0.6611600000000001,0.584938,0.506223,0.650806,0.496381,0.453249,0.397665,0.0238015,-0.120474,-0.305602,-0.4572560000000001,-0.653389,-0.818796,-0.94012,-1.0981299999999998,-1.23088,-1.38331,-1.49476,-1.61387,-1.71205,-1.8075,-1.90829,-1.98509,-2.05577,-2.10226,-2.13216,-2.15554,-2.14938,-2.12813,-2.08042,-1.98654,-1.87964,-1.7673900000000002,-1.6588200000000002,-1.53958,-1.43634,-1.33114,-0.871058,-1.07677,-1.05611,-0.92903,-0.620527
