Depth,0U1,1U1,2U1,3U1,4U1,5U1,6U1,7U1,8U1,9U1,10U1,11U1,12U1,13U1,14U1,15U1,16U1,17U1,18U1,19U1,20U1,21U1,22U1,23U1,24U1,25U1,26U1,27U1,28U1,29U1,30U1,31U1,32U1,33U1,34U1,35U1,36U1,37U1,38U1,39U1,40U1,41U1,42U1,43U1,44U1,45U1,46U1,47U1,48U1,49U1,50U1,51U1,52U1,53U1,54U1,55U1,56U1,57U1,58U1,59U1,60U1,61U1,62U1,63U1,64U1,65U1,66U1,67U1,68U1,69U1,70U1,71U1,72U1,73U1,74U1,75U1,76U1,77U1,78U1,79U1,80U1,81U1,82U1,83U1,84U1
0.2,2.48E-16,0.000449554,0.000688458,0.000972764,0.00136174,0.001723543,0.002104987,0.002509112,0.00301442,0.003505409,0.004103276,0.004691762,0.00538349,0.006205725,0.007191856,0.008453356,0.009929101,0.011671219,0.013520206,0.015562067,0.017568248,0.019588544,0.021565551,0.023514092,0.025435193,0.027272379,0.029075382,0.030765636,0.032454303,0.034022695,0.035481543,0.036935348,0.038264361,0.039572788,0.040798041,0.041963315,0.043066811,0.044120576,0.045128676,0.046010401,0.046874099,0.047691029,0.048450367,0.049192033,0.049873562,0.050512574,0.051135222,0.051691406,0.052256787,0.052675121,0.053154779,0.053566197,0.053969295,0.054364634,0.054702487,0.055039702,0.055358807,0.055666565,0.055877973,0.056122563,0.056343944,0.056550536,0.056756843,0.056927599,0.057095323,0.057265084,0.057410582,0.057537423,0.057633369,0.057740931,0.057825288,0.057874524,0.057904456,0.057949802,0.057967471,0.057969882,0.057993213,0.057973729,0.057992844,0.057988755,0.057981929,0.057985355,0.058004291,0.057979587,0.057986782
0.4,2.48E-16,0.000397251,0.00060957,0.000878372,0.001213119,0.001563233,0.001881622,0.002281016,0.002691477,0.00315995,0.003659499,0.004187375,0.004779885,0.005382864,0.006103119,0.006833742,0.007790741,0.008873218,0.010169138,0.011628513,0.013158399,0.014761286,0.016351765,0.017968213,0.01953312,0.021084719,0.022580007,0.024022022,0.025443697,0.026795004,0.028042215,0.029300039,0.030454584,0.03159578,0.032675169,0.033691797,0.034675618,0.035602926,0.036505728,0.037288489,0.038064482,0.038796345,0.039478245,0.040152067,0.040765087,0.041348878,0.041914803,0.042425912,0.042940777,0.043328955,0.043770386,0.044148985,0.044523173,0.0448888,0.045204064,0.045520758,0.045818067,0.046105618,0.046307969,0.046534729,0.04674215,0.046936764,0.047132552,0.047294019,0.047454533,0.047614199,0.047753457,0.047874028,0.047965373,0.048069082,0.048148691,0.048197327,0.04822729,0.048268035,0.048285371,0.048290023,0.048311492,0.048295145,0.048311328,0.048307328,0.048303452,0.048304531,0.048320304,0.048300709,0.048306902
0.6,2.48E-16,0.000341621,0.000534732,0.000775953,0.001096063,0.00139585,0.001707468,0.002041272,0.002435653,0.002826658,0.003289093,0.003752788,0.004261034,0.00480792,0.005380424,0.005990881,0.00664083,0.00738922,0.008218692,0.009224904,0.010295467,0.01149334,0.012723873,0.01399037,0.01526173,0.016495852,0.01773897,0.018909354,0.020105234,0.021229143,0.022285351,0.023360319,0.024344002,0.025339503,0.026267359,0.027158589,0.028015563,0.028834579,0.029628124,0.030323413,0.031010169,0.031660817,0.032269515,0.032874059,0.033422822,0.033948294,0.034461562,0.03492361,0.035391185,0.035746265,0.036149361,0.036493628,0.036837949,0.03717426,0.037463955,0.037760201,0.038033741,0.038300944,0.038491603,0.038701172,0.038894371,0.039075886,0.039260397,0.039411437,0.039563781,0.039713022,0.039845846,0.039958828,0.040046146,0.040144964,0.040219394,0.040267602,0.040296573,0.040333356,0.040350648,0.040357429,0.04037688,0.040362693,0.04037648,0.04037248,0.040371425,0.040372713,0.040384056,0.040369102,0.040374325
0.8,2.48E-16,0.000289795,0.000461419,0.000686169,0.000975882,0.001262516,0.001540426,0.0018585,0.002198832,0.002566971,0.002973165,0.003392991,0.003853534,0.004324811,0.004848539,0.005364576,0.005936403,0.006524097,0.007169792,0.007897652,0.008681026,0.009580376,0.010525546,0.011530962,0.01254366,0.013547693,0.014549087,0.015506747,0.016477216,0.017396469,0.018261086,0.019143409,0.019956751,0.02079156,0.021574561,0.022327043,0.023068321,0.023771102,0.024466214,0.025071055,0.025674291,0.026243934,0.026780726,0.027320277,0.027803589,0.028274891,0.028733652,0.029149733,0.029569405,0.029892259,0.030256543,0.030566611,0.030881904,0.031187867,0.03145273,0.031727043,0.031977762,0.032223533,0.032401886,0.032594712,0.032773651,0.032941961,0.033114583,0.033255577,0.033399082,0.033538191,0.033663838,0.033769116,0.033852389,0.033946564,0.034015568,0.034063069,0.034091127,0.034124301,0.034141958,0.034150186,0.034167916,0.034155714,0.034167558,0.034163687,0.034164471,0.034165986,0.034174701,0.034163499,0.034167114
1,2.48E-16,0.000241569,0.000394393,0.000600167,0.000868933,0.001134822,0.001403075,0.001693536,0.00200882,0.002343021,0.002721987,0.003109989,0.003535115,0.003972452,0.00445241,0.004928063,0.005447458,0.005984796,0.006557293,0.007182216,0.007840923,0.008601617,0.009415724,0.010295871,0.011196253,0.012090099,0.012979078,0.013825482,0.014677147,0.015483838,0.016246104,0.0170048,0.017711656,0.018422692,0.019090901,0.019726956,0.020348921,0.020936995,0.021522188,0.022031231,0.022543264,0.02302889,0.023491769,0.023964973,0.024383502,0.024800177,0.025207482,0.025577427,0.025950774,0.026240655,0.026566402,0.02684233,0.027128398,0.027404256,0.027644059,0.027896639,0.028124354,0.028348601,0.028514038,0.028690158,0.028854793,0.029009618,0.029169976,0.029300624,0.029434869,0.029563517,0.029681888,0.029778887,0.029858081,0.029947375,0.030011162,0.030057297,0.030084014,0.030113991,0.030131966,0.030140498,0.030156769,0.03014652,0.030155932,0.030152715,0.03015522,0.030155951,0.030163347,0.03015442,0.030157037
1.2,2.48E-16,0.000198588,0.000333797,0.000520277,0.000769518,0.001016358,0.001281065,0.00155454,0.001849961,0.002156246,0.002515941,0.002888906,0.003285736,0.00371036,0.004152292,0.004615716,0.00508709,0.005600019,0.00611814,0.006692904,0.007276579,0.007942557,0.008665583,0.009442358,0.010268547,0.011072311,0.011899218,0.012672227,0.013461099,0.014203721,0.014912165,0.015610773,0.016261159,0.016911781,0.017517225,0.018101853,0.018651597,0.019181083,0.019688669,0.020131584,0.020572427,0.020983592,0.021379693,0.021780786,0.02213438,0.022490824,0.022840688,0.023159553,0.023484797,0.023739411,0.024026462,0.024268905,0.024526027,0.024774106,0.024988035,0.025220106,0.025424085,0.025627478,0.025779214,0.025938914,0.02608945,0.026230622,0.026378765,0.02649875,0.026623565,0.026741486,0.026852943,0.026941601,0.027016358,0.027100572,0.027159315,0.027203587,0.027228794,0.027255972,0.027273758,0.02728238,0.027297572,0.027288937,0.027295694,0.027293537,0.027297122,0.027297751,0.027303358,0.027296772,0.027298394
1.4,2.48E-16,0.000161483,0.000278173,0.000448913,0.000673058,0.000911302,0.001159045,0.00143815,0.001710233,0.002005018,0.002339955,0.002702378,0.003095538,0.00348065,0.003930668,0.004344503,0.004823955,0.005282178,0.005793803,0.006316605,0.00685815,0.00746761,0.008111713,0.008841098,0.00958175,0.010357025,0.01110965,0.0118524,0.012575625,0.013278475,0.013947475,0.0146074,0.0152243,0.015824925,0.0164016,0.01693535,0.017459075,0.017944575,0.018424325,0.018833675,0.019244675,0.019625575,0.01998225,0.020342525,0.0206485,0.020966175,0.0212567,0.0215321,0.021799575,0.022017775,0.02226025,0.022465275,0.022690075,0.022904525,0.02309335,0.023300875,0.023482675,0.023663675,0.023802725,0.0239467,0.024083625,0.0242119,0.02434695,0.024457075,0.02457145,0.0246794,0.024783075,0.0248643,0.0249341,0.025013225,0.0250671,0.025108925,0.025133075,0.02515755,0.025174825,0.025183625,0.02519775,0.0251904,0.025195325,0.025193675,0.0251974,0.02519855,0.025202425,0.0251982,0.02519875
1.6,2.48E-16,0.000128824,0.000230903,0.000379269,0.000589226,0.000803798,0.001055971,0.001309422,0.001594843,0.001867875,0.002191915,0.002545115,0.002915007,0.003321116,0.003712362,0.004161391,0.004575238,0.005058209,0.00551387,0.006031442,0.006534352,0.007094621,0.00770979,0.008351594,0.009073844,0.009760434,0.010506794,0.011186081,0.011890424,0.012542253,0.013177725,0.013796169,0.014367012,0.014946684,0.015472785,0.015998542,0.0164772,0.016948728,0.017384744,0.017772601,0.018149016,0.018501873,0.018839574,0.019167703,0.019464017,0.019754717,0.020027846,0.020282132,0.020519718,0.020715104,0.020924776,0.021102876,0.021293691,0.021472834,0.021629606,0.021808178,0.02195865,0.02211495,0.022234908,0.022361937,0.022483065,0.022596651,0.02271938,0.022818052,0.022924023,0.02302058,0.023118509,0.023191609,0.023257295,0.023330752,0.023379867,0.023419524,0.023442581,0.023464495,0.023480752,0.023490238,0.023502767,0.023497038,0.023500438,0.023498667,0.023502881,0.023503924,0.023506995,0.023504152,0.023504195
1.8,2.48E-16,0.00010216,0.000186865,0.000320799,0.000502773,0.000712187,0.00093984,0.00120583,0.001461438,0.0017525,0.002061137,0.002399263,0.002781757,0.003146148,0.003580774,0.00395408,0.004419094,0.004829729,0.005318615,0.005787189,0.006276706,0.006819365,0.007375625,0.008022875,0.008660083,0.009375286,0.010043372,0.010738093,0.011386557,0.0120317,0.012644182,0.01324105,0.013808114,0.014346396,0.01487365,0.015347717,0.015826931,0.016258803,0.016690992,0.01705451,0.017418481,0.017756188,0.018067202,0.018385306,0.018651905,0.018932159,0.019182094,0.019431109,0.019646726,0.019840301,0.020036948,0.020206551,0.020384658,0.020539783,0.020684369,0.020835447,0.020965054,0.021092408,0.021193986,0.021297668,0.021397478,0.021492396,0.02159566,0.021681189,0.021772882,0.021857853,0.021945896,0.022011338,0.022071042,0.022138535,0.022182696,0.022219588,0.022242199,0.02226052,0.02227662,0.022286317,0.022297942,0.022293406,0.022295545,0.022293456,0.022298528,0.022299238,0.022301467,0.022300117,0.022299249
2,2.48E-16,7.92E-05,0.000151841,0.000263536,0.000431005,0.000614402,0.000843916,0.001081281,0.00135187,0.001619428,0.001939838,0.002279854,0.002630587,0.003031762,0.003406194,0.003836931,0.004222484,0.004685403,0.005116558,0.005601053,0.006066321,0.006576061,0.007139979,0.007711928,0.008371338,0.008996264,0.009697244,0.010327154,0.010990798,0.011598276,0.012190448,0.012768755,0.013299612,0.013840298,0.014323062,0.014810206,0.015247077,0.015682263,0.016073927,0.016429963,0.016767528,0.017085499,0.017392378,0.017683142,0.0179503,0.018204136,0.018451665,0.018676543,0.01887835,0.019056829,0.019238958,0.019398872,0.01956338,0.019712737,0.019847423,0.019995887,0.020113509,0.020236194,0.020327294,0.020420652,0.020507159,0.020588852,0.020675609,0.02074548,0.020823702,0.020890688,0.020966202,0.021017688,0.02106816,0.021125831,0.021161753,0.021194203,0.021213274,0.021229139,0.021242696,0.021253032,0.021262825,0.02125956,0.021260153,0.021258432,0.021264003,0.021264103,0.021265725,0.02126531,0.021264082
2.2,2.48E-16,6.11E-05,0.000119906,0.000216777,0.000359167,0.000530967,0.000737161,0.000976604,0.001223588,0.001501321,0.001808165,0.00215314,0.002518168,0.002881342,0.003298358,0.003668866,0.004101814,0.004505493,0.004970873,0.005416786,0.005879322,0.00638701,0.006905418,0.007495436,0.00809185,0.008752098,0.009388885,0.010047025,0.010671109,0.011283245,0.011866388,0.012429456,0.012969463,0.013478738,0.013973341,0.014421895,0.01486842,0.015274434,0.015671052,0.016008123,0.016339641,0.016648012,0.016934044,0.017222855,0.017465134,0.017718619,0.017946469,0.018170008,0.018355737,0.018533362,0.018703144,0.018851951,0.019007412,0.019144244,0.019272772,0.019410158,0.019523333,0.019638315,0.019728076,0.019817347,0.019900472,0.019981322,0.020060486,0.020128276,0.020197479,0.020257083,0.020322133,0.020365026,0.020407058,0.02045579,0.020483511,0.020509718,0.020525354,0.020538011,0.020549265,0.020558765,0.020566754,0.020564133,0.020563136,0.020562543,0.020567779,0.020567772,0.0205683,0.020569054,0.02056749
2.4,2.48E-16,4.60E-05,9.45E-05,0.000173615,0.000298133,0.000447858,0.000643048,0.000861192,0.001107825,0.001371251,0.001679658,0.002024312,0.002387304,0.00276962,0.003152589,0.003557411,0.003948391,0.004382198,0.004812302,0.005269573,0.00571959,0.006209274,0.006735423,0.007282348,0.007893523,0.008502031,0.00916643,0.0097863,0.010428016,0.011021587,0.01160053,0.01216103,0.012682158,0.013198916,0.013669387,0.014129302,0.01455223,0.014960145,0.015337673,0.015670816,0.015987987,0.016288073,0.016570145,0.016841802,0.017084745,0.017319802,0.017544731,0.017753374,0.017931674,0.018100702,0.018262517,0.01840536,0.01855326,0.018686345,0.01880506,0.018938803,0.019042545,0.019150188,0.01923336,0.019316588,0.019394431,0.019470374,0.019544646,0.019610117,0.019676189,0.019731931,0.019794432,0.019834389,0.019874846,0.019919417,0.019944074,0.019968274,0.019981946,0.019993489,0.020002632,0.020011903,0.020017717,0.020016032,0.020014017,0.020013946,0.020019374,0.020018903,0.020018789,0.020020103,0.02001856
2.6,2.48E-16,3.40E-05,7.26E-05,0.000137805,0.000241914,0.000374541,0.00054896,0.000755324,0.000985153,0.001246235,0.001545301,0.001887164,0.002256456,0.0026381,0.003037562,0.003416751,0.003833339,0.004246008,0.004688522,0.005126469,0.005577904,0.006066861,0.006568891,0.00712108,0.007702596,0.008318906,0.008959649,0.009599251,0.010226143,0.010826675,0.011407214,0.011963282,0.012493903,0.012999103,0.013477153,0.013922164,0.014351689,0.01474655,0.015125793,0.015449196,0.01576236,0.016055803,0.016327346,0.0165958,0.016825853,0.017060175,0.017272435,0.017479257,0.017646617,0.017812064,0.017965153,0.018101782,0.018243392,0.018369564,0.01848391,0.018610657,0.018711878,0.018812289,0.018892385,0.018970321,0.019044235,0.019114964,0.019182142,0.019244814,0.01930441,0.019356271,0.019414603,0.019452592,0.019491642,0.019533307,0.019557635,0.019581257,0.019594767,0.019605089,0.019613617,0.019622435,0.019626867,0.019625899,0.019623442,0.019623285,0.019628982,0.019628503,0.019627446,0.019629742,0.019627803
2.8,2.48E-16,2.45E-05,5.52E-05,0.000106927,0.00019387,0.000307046,0.000463564,0.000650293,0.000868361,0.00111736,0.001409935,0.00174619,0.002110855,0.00249894,0.002901695,0.00329557,0.003698465,0.00412668,0.004568105,0.005005105,0.005449975,0.005933585,0.00643577,0.006972795,0.00754577,0.00814965,0.008794015,0.009429425,0.010068315,0.0106708,0.011256,0.0118168,0.0123489,0.01286075,0.0133372,0.01378595,0.01421385,0.01460725,0.014982,0.01530345,0.01561105,0.0159005,0.0161688,0.0164301,0.01665775,0.0168854,0.01709235,0.0172934,0.01745495,0.0176157,0.0177634,0.0178959,0.01803225,0.0181543,0.0182635,0.0183855,0.018482,0.0185775,0.0186542,0.0187281,0.0187991,0.0188662,0.0189291,0.01898925,0.0190452,0.01909375,0.01914995,0.01918495,0.01922235,0.01926095,0.01928415,0.0193068,0.0193192,0.01932855,0.01933645,0.0193451,0.01934815,0.0193482,0.01934515,0.01934485,0.01935085,0.0193505,0.0193487,0.01935175,0.0193495
3,2.48E-16,1.71E-05,4.09E-05,8.17E-05,0.000152065,0.000248117,0.00038433,0.000552805,0.000753402,0.000990949,0.001272237,0.001600213,0.001959431,0.002345603,0.002749022,0.003159102,0.003570051,0.003995228,0.00444569,0.004895094,0.005344201,0.005819167,0.006316188,0.006845493,0.007418567,0.008002457,0.008655301,0.009292032,0.009941251,0.010554389,0.011149654,0.011719375,0.012259632,0.012783293,0.013262575,0.013720468,0.014148564,0.014548275,0.014920597,0.015243007,0.015552146,0.015836329,0.016105089,0.016361179,0.016587821,0.016811047,0.017014325,0.017211607,0.017368804,0.017526436,0.017668564,0.017797725,0.017929482,0.018048018,0.018153347,0.018271389,0.018364322,0.018456064,0.018529914,0.0185999,0.018667804,0.018731032,0.018790504,0.01884795,0.01890165,0.018947739,0.019002839,0.019035457,0.019071875,0.019108564,0.019130697,0.019152497,0.019163907,0.019172347,0.019179679,0.019188464,0.019190254,0.019191382,0.019187497,0.019187418,0.0191936,0.019193197,0.019190836,0.019194579,0.019191957
3.2,2.48E-16,1.12E-05,2.97E-05,6.05E-05,0.000117492,0.000196173,0.000313862,0.000461286,0.000644334,0.000866504,0.001135108,0.001451549,0.001803302,0.002180053,0.002586906,0.00299357,0.003428272,0.003855235,0.004310161,0.004768516,0.005241215,0.005731928,0.006208396,0.006739324,0.007286186,0.007892095,0.008515247,0.009177706,0.009827499,0.010457156,0.011068514,0.011647657,0.012211728,0.012736314,0.0132414,0.013694671,0.0141429,0.0145393,0.014922743,0.015246443,0.015555457,0.015843886,0.016107229,0.016368229,0.016588672,0.016816043,0.017011643,0.017210329,0.017361743,0.017518314,0.017656171,0.017783129,0.017912814,0.018027686,0.018131257,0.018244457,0.018335543,0.018423014,0.018495214,0.018561914,0.018627628,0.018688628,0.018745271,0.0188013,0.018852428,0.018896757,0.018949286,0.018979971,0.019014914,0.019049728,0.019071,0.019091657,0.019102628,0.0191096,0.019117,0.0191256,0.019126371,0.019128328,0.019123771,0.0191242,0.019130285,0.019129828,0.019126857,0.019131471,0.019128343
3.4,2.48E-16,6.96E-06,2.08E-05,4.42E-05,8.78E-05,0.000153048,0.000250986,0.00037997,0.000542199,0.000747061,0.001000123,0.001302809,0.001640939,0.002013292,0.00240403,0.002822461,0.003248563,0.003704208,0.004156615,0.004625351,0.005119641,0.005625915,0.00613835,0.006633012,0.007189801,0.007758596,0.008417312,0.009052592,0.009734485,0.010369172,0.01099535,0.011604557,0.012172972,0.012735064,0.013236454,0.013726143,0.014165246,0.014590403,0.01496891,0.015304989,0.015622453,0.015907117,0.016183521,0.016435778,0.016667742,0.016885367,0.017088407,0.017280853,0.017434,0.017588653,0.017722753,0.017849417,0.0179747,0.018090007,0.018188996,0.018302167,0.018388803,0.018475653,0.018545142,0.018609528,0.018673332,0.018731175,0.018787039,0.018839871,0.018891285,0.0189323,0.018984293,0.019012968,0.019047039,0.019080435,0.01910055,0.019120832,0.019130682,0.019137164,0.019144025,0.019152918,0.019152285,0.019155207,0.019150178,0.01915086,0.019157107,0.019156214,0.019153014,0.019158078,0.01915486
3.6,2.48E-16,3.46E-06,1.41E-05,3.01E-05,6.52E-05,0.000114999,0.000198204,0.000304986,0.000449062,0.000632996,0.000868749,0.001155474,0.001479918,0.001835212,0.002224864,0.002624074,0.003066912,0.003510051,0.003992838,0.004462608,0.004964021,0.005515596,0.006025405,0.006578409,0.007083328,0.007682981,0.008283319,0.008968111,0.009626606,0.010291585,0.010941535,0.011556764,0.012177136,0.012734536,0.013288758,0.013768115,0.014249494,0.014669108,0.015074816,0.015413345,0.015736002,0.016036845,0.016304038,0.016575909,0.01679618,0.017030367,0.017221859,0.017424616,0.017572688,0.017728459,0.017862524,0.017986716,0.018115009,0.018225881,0.018326752,0.018435059,0.018522795,0.018605345,0.018675545,0.018737602,0.018799616,0.018857095,0.01890993,0.018962959,0.019011409,0.01905208,0.019101302,0.019129416,0.019162116,0.019194202,0.019214102,0.019233287,0.01924363,0.019248459,0.019255902,0.019264252,0.019263073,0.019266545,0.01926098,0.019262052,0.019268073,0.019267259,0.019263595,0.019269252,0.01926568
3.8,2.48E-16,1.27E-06,8.66E-06,2.07E-05,4.48E-05,8.65E-05,0.000151373,0.00024381,0.000364627,0.000529474,0.000743985,0.001011737,0.001319931,0.001661996,0.002030532,0.0024323,0.002853804,0.003312415,0.003784855,0.004280961,0.004797295,0.005349262,0.00592636,0.006458873,0.007037922,0.007582235,0.008216522,0.00885171,0.009558155,0.010212283,0.010881875,0.011545068,0.012157046,0.01278275,0.013328442,0.013869432,0.014340542,0.014805767,0.015207881,0.015572492,0.015909692,0.016208995,0.016502463,0.016761684,0.017007548,0.01722703,0.01743802,0.017632602,0.017788009,0.017944255,0.018074934,0.018203966,0.018326409,0.018442755,0.018538005,0.018650091,0.018732866,0.018817105,0.018884702,0.018945648,0.019007212,0.019061845,0.019115127,0.019164784,0.019215266,0.019252505,0.019302309,0.019328427,0.019360687,0.019391545,0.019410466,0.019429512,0.019438855,0.019443895,0.019450327,0.019459398,0.019456998,0.019461405,0.019455395,0.019456512,0.019462795,0.019461198,0.019457991,0.019463509,0.019460098
4,2.48E-16,-6.93E-07,5.08E-06,1.18E-05,3.14E-05,6.06E-05,0.000115552,0.000187475,0.000292756,0.000434076,0.0006265,0.000875358,0.001162288,0.001488019,0.001842122,0.002222943,0.002645325,0.00308607,0.003566575,0.004062858,0.004601608,0.005178407,0.005745018,0.006355414,0.006909783,0.007519295,0.008109238,0.008776481,0.009459575,0.010142142,0.010825228,0.011495414,0.012172842,0.012791444,0.013407043,0.013945373,0.014472745,0.014940631,0.015379288,0.015753589,0.016104546,0.016428618,0.016717933,0.017005647,0.017241676,0.017485718,0.017686747,0.017898376,0.018050662,0.01821099,0.018346176,0.018472262,0.018602747,0.018713933,0.018814819,0.018922248,0.019008976,0.019089462,0.019159348,0.019218862,0.019279576,0.01933479,0.019385205,0.019435933,0.019483619,0.01952149,0.019568876,0.019595248,0.019626476,0.019656033,0.019675447,0.019693105,0.019703447,0.019706919,0.019714105,0.019722505,0.019719962,0.019724633,0.019718347,0.019719947,0.019725747,0.019724219,0.019720876,0.019726833,0.019723176
4.2,2.48E-16,-1.76E-06,1.97E-06,6.48E-06,1.87E-05,4.25E-05,8.36E-05,0.000144252,0.000228966,0.000351464,0.000519859,0.000744564,0.001013757,0.001317585,0.001653825,0.002019888,0.002423345,0.00285833,0.003325303,0.003826478,0.004377138,0.00496715,0.005567713,0.00616739,0.006791218,0.007389243,0.008033848,0.008675643,0.00938105,0.0100626,0.010769025,0.011467375,0.01214875,0.012833575,0.01345455,0.014055675,0.014597625,0.015110625,0.015566475,0.015968875,0.0163416,0.01667585,0.0169931,0.0172797,0.017540625,0.0177808,0.0180024,0.0182114,0.018375225,0.018538525,0.0186736,0.018808075,0.01893495,0.01905395,0.0191512,0.01926355,0.019347675,0.01943065,0.019499625,0.01955895,0.01962025,0.019674275,0.019725825,0.019774375,0.019823575,0.01985945,0.0199073,0.01993255,0.019963775,0.0199922,0.0200113,0.020028925,0.02003865,0.020042125,0.020048925,0.02005765,0.020054325,0.02005935,0.020053125,0.020054925,0.02006045,0.020059025,0.020055825,0.02006165,0.020058225
4.4,2.48E-16,-2.74E-06,5.68E-09,1.42E-06,1.04E-05,2.62E-05,5.96E-05,0.000105452,0.000176399,0.000278027,0.000423722,0.000624122,0.000869844,0.001155805,0.001469825,0.00181737,0.002204791,0.002621556,0.003077892,0.003570485,0.004125778,0.004733083,0.005343293,0.005975535,0.006599028,0.007249586,0.007900749,0.008582121,0.009281583,0.009979078,0.010704385,0.011424557,0.012144435,0.012839122,0.013521336,0.014142466,0.014739158,0.015279059,0.015772995,0.01619866,0.016594817,0.016955524,0.017284782,0.017597575,0.017863482,0.018124425,0.018349504,0.01857309,0.018740847,0.018911104,0.019052504,0.01918839,0.019323326,0.019441355,0.019544326,0.019655519,0.019743397,0.019825905,0.019896912,0.019956055,0.020017483,0.020072619,0.020123098,0.020172347,0.020220398,0.020256926,0.020303505,0.020329005,0.020359955,0.020387376,0.020406969,0.020423647,0.020433883,0.020436547,0.02044389,0.020452076,0.02044869,0.020453597,0.020447297,0.020449697,0.020454433,0.020453905,0.020450176,0.020456162,0.02045284
4.6,2.48E-16,-3.25E-06,-1.58E-06,-1.75E-06,3.12E-06,1.46E-05,3.94E-05,7.56E-05,0.000131654,0.000216155,0.000339525,0.000513771,0.00073679,0.001000037,0.001293824,0.001620798,0.001987345,0.002386929,0.002823526,0.003305802,0.003857694,0.004464074,0.005090968,0.005735316,0.006385717,0.00704248,0.007734957,0.008435409,0.009167397,0.009884734,0.010622985,0.011365703,0.012118403,0.012851143,0.013556622,0.014230347,0.01486299,0.015450287,0.015980512,0.016437891,0.016863545,0.017249095,0.017605606,0.017936038,0.018222863,0.018495889,0.018739214,0.018969957,0.019150846,0.019328014,0.019474975,0.019619567,0.019757014,0.019881814,0.019986507,0.02010166,0.020191164,0.020276321,0.0203486,0.020408575,0.020470821,0.020526328,0.020578046,0.020626718,0.020675811,0.020711943,0.020758628,0.020783925,0.020815093,0.020842007,0.020861918,0.020878268,0.020888225,0.020891121,0.020898378,0.020906568,0.020902946,0.020907907,0.020901607,0.020904332,0.020908668,0.020908732,0.020904807,0.020910639,0.020907453
4.8,2.48E-16,-3.60E-06,-2.65E-06,-4.20E-06,-2.14E-06,5.42E-06,2.35E-05,5.12E-05,9.49E-05,0.000164056,0.000266659,0.000416042,0.00061317,0.000853525,0.001126805,0.001430517,0.001777793,0.00215345,0.00257191,0.003035074,0.003577781,0.004178976,0.004803572,0.005459968,0.006127167,0.006804837,0.007511306,0.008237845,0.008996419,0.009759463,0.010534699,0.011295557,0.012062956,0.012840586,0.013583429,0.014293643,0.014971858,0.015606673,0.016178016,0.016673387,0.017132631,0.017548288,0.017934988,0.018289017,0.018599774,0.018889989,0.019151732,0.01939636,0.019589075,0.019776732,0.019932318,0.020085018,0.020229403,0.020360446,0.020469789,0.020589532,0.020682361,0.020771161,0.020845275,0.020907447,0.020970661,0.021027618,0.021080661,0.021129547,0.021179932,0.021216232,0.021263175,0.021288532,0.021319775,0.021346647,0.021366804,0.021383089,0.021392832,0.021396061,0.021403218,0.021411332,0.021407689,0.021412718,0.021406475,0.021409518,0.021413432,0.021413861,0.021409904,0.021415718,0.021412375
5,2.48E-16,-3.86E-06,-3.28E-06,-6.23E-06,-5.56E-06,-2.19E-06,1.20E-05,3.05E-05,6.60E-05,0.00011998,0.000204931,0.000331284,0.000499782,0.000719811,0.000966245,0.001253309,0.001572566,0.001930647,0.002322186,0.002767016,0.003291747,0.003880617,0.004498531,0.005154442,0.005827523,0.006526716,0.00724538,0.007986048,0.00876169,0.009565866,0.010400284,0.011208627,0.01201016,0.012790838,0.013592036,0.014334175,0.015062323,0.015739627,0.016360353,0.016895228,0.017393475,0.01784929,0.01826199,0.018653138,0.01898263,0.019303063,0.019579735,0.019844135,0.020050125,0.02024986,0.020417211,0.020578557,0.020733572,0.020869007,0.02098824,0.021110022,0.021210161,0.021301222,0.021379447,0.021443344,0.021508669,0.02156784,0.021622165,0.021672615,0.021723658,0.021761744,0.021808622,0.021834983,0.021866347,0.021893347,0.021914129,0.021930183,0.021940437,0.021943487,0.021951037,0.02195879,0.021955433,0.021960565,0.021954365,0.021957637,0.021961094,0.021962072,0.021957965,0.02196404,0.021960265
5.2,2.48E-16,-3.81E-06,-3.89E-06,-6.92E-06,-9.15E-06,-6.42E-06,1.26E-06,1.72E-05,4.09E-05,8.59E-05,0.000153134,0.000257442,0.000403774,0.000591162,0.000823518,0.001079134,0.001384884,0.001710812,0.002085694,0.002501347,0.003007328,0.003574704,0.004178229,0.004826119,0.005500637,0.006199682,0.006942857,0.007687943,0.00846938,0.009297187,0.010175399,0.011068378,0.01191445,0.012752671,0.013542464,0.014358464,0.015111543,0.015849622,0.016511922,0.017093772,0.017638258,0.01812873,0.01859108,0.019000815,0.019375966,0.019711273,0.020020523,0.020301152,0.02052448,0.02074033,0.020917388,0.021094759,0.02125438,0.021404659,0.021526466,0.021659873,0.021761688,0.021860723,0.021940481,0.022008916,0.022076566,0.022137709,0.022195266,0.022245573,0.022300059,0.022337831,0.022387038,0.022413195,0.022445438,0.022472831,0.022493795,0.022510831,0.022520374,0.022524702,0.022531524,0.022540024,0.022536452,0.022542024,0.022535981,0.022538909,0.022542581,0.022543488,0.022539895,0.022545802,0.022541959
5.4,2.48E-16,-3.96E-06,-3.92E-06,-8.42E-06,-9.99E-06,-1.18E-05,-4.04E-06,2.37E-06,2.42E-05,5.53E-05,0.000110781,0.000197002,0.000314873,0.000484133,0.000681132,0.000927889,0.001196817,0.001511568,0.001851884,0.00224884,0.002726817,0.003268981,0.003851424,0.004481192,0.005146019,0.005847792,0.006584134,0.0073537,0.008130688,0.008960606,0.009871774,0.01080569,0.011766222,0.012645829,0.013509307,0.014316477,0.015142915,0.015907922,0.016627831,0.017259018,0.017844211,0.018392648,0.018881442,0.01935044,0.019738786,0.02012738,0.020447088,0.020763528,0.021001732,0.021232071,0.021429779,0.021614215,0.021793783,0.021945904,0.022086348,0.022219798,0.022334548,0.022435602,0.022522334,0.022593016,0.022664241,0.022729391,0.022788159,0.022842434,0.022896606,0.022938281,0.02298712,0.023015342,0.023048109,0.023075699,0.023098384,0.023114356,0.023125699,0.023128892,0.023137267,0.023144906,0.023142188,0.023147799,0.023141709,0.023144956,0.023147952,0.023150002,0.023145709,0.023152313,0.023147799
5.6,2.48E-16,-3.67E-06,-4.30E-06,-7.95E-06,-0.000012748,-1.26E-05,-1.18E-05,-2.85E-06,6.90E-06,3.52E-05,7.57E-05,0.000144332,0.000247295,0.000379637,0.000565871,0.000772599,0.00103691,0.00131124,0.00164039,0.00200276,0.0024561,0.00297157,0.0035223,0.00413527,0.00477717,0.00546693,0.00620366,0.00696725,0.00776182,0.00858961,0.00949126,0.0104826,0.0114749,0.012493,0.0133897,0.0142944,0.015108,0.0159582,0.0167054,0.0173856,0.0180323,0.0186137,0.0191733,0.0196606,0.0201169,0.0205172,0.0208885,0.0212232,0.0214856,0.0217402,0.0219475,0.0221605,0.0223414,0.0225195,0.0226596,0.0228128,0.0229291,0.0230416,0.023132,0.0232084,0.0232845,0.0233521,0.0234166,0.0234706,0.0235306,0.0235711,0.0236248,0.0236521,0.0236866,0.0237155,0.0237378,0.0237559,0.0237657,0.0237716,0.0237785,0.0237878,0.0237845,0.0237907,0.023785,0.0237877,0.0237913,0.0237929,0.0237895,0.0237952,0.0237914
5.8,2.48E-16,-3.75E-06,-4.04E-06,-9.03E-06,-1.22E-05,-1.63E-05,-1.32E-05,-1.32E-05,-1.45E-06,1.48E-05,4.88E-05,0.000104373,0.000182773,0.000303432,0.000447622,0.000649356,0.000872369,0.001140023,0.001431703,0.001776022,0.00219992,0.002679605,0.003207034,0.003781735,0.004408119,0.005073687,0.005791336,0.006553185,0.007343577,0.008182216,0.00908749,0.010049636,0.011115735,0.012164974,0.01321761,0.014158843,0.0150701,0.015927481,0.016752421,0.017475262,0.018155767,0.018811674,0.019397166,0.019962502,0.020436832,0.02090549,0.021292534,0.021678063,0.021959543,0.022233676,0.022472236,0.02269227,0.022904337,0.023083328,0.02325202,0.023405103,0.023541067,0.023657889,0.023757064,0.023839122,0.023919318,0.023994247,0.024060744,0.024121715,0.024181394,0.024228133,0.02428214,0.024312587,0.024348223,0.02437839,0.024403048,0.024419669,0.024432655,0.024436941,0.024446226,0.024454283,0.024452398,0.024458151,0.024452737,0.024456262,0.02445868,0.024461551,0.024457101,0.024463862,0.024459269
6,2.48E-16,-3.44E-06,-4.15E-06,-8.41E-06,-1.36E-05,-1.61E-05,-1.76E-05,-1.53E-05,-1.18E-05,3.18E-06,2.66E-05,6.98E-05,0.000136895,0.000228603,0.000360496,0.000521521,0.000736842,0.000968692,0.001247088,0.001559619,0.001955402,0.002408773,0.002894105,0.00344607,0.004031293,0.004678399,0.00537054,0.006114072,0.006896942,0.007738688,0.008645677,0.00960558,0.010640252,0.011766559,0.01287403,0.013958194,0.014928758,0.015863629,0.016726436,0.017512579,0.01825,0.018936178,0.019596585,0.020192313,0.020741399,0.021235577,0.021682177,0.022095284,0.02241147,0.02271362,0.022968712,0.023222541,0.023442634,0.023651062,0.023823969,0.024000384,0.024142562,0.024272534,0.024379498,0.024468191,0.024557012,0.024635648,0.024710212,0.024772405,0.024839083,0.024886348,0.024946119,0.024977148,0.025015005,0.025047619,0.025072712,0.025091626,0.025103705,0.025110648,0.025118833,0.025128669,0.025126433,0.025132548,0.025127869,0.025131005,0.025134126,0.02513629,0.025132812,0.025138733,0.025134776
6.2,2.48E-16,-3.36E-06,-3.90E-06,-8.73E-06,-1.31E-05,-1.77E-05,-1.82E-05,-2.07E-05,-1.67E-05,-8.86E-06,9.71E-06,4.35E-05,9.40E-05,0.000173676,0.000275904,0.000420736,0.00060216,0.000820665,0.001068961,0.001360624,0.001728287,0.002145498,0.002605565,0.003113357,0.003672936,0.004280818,0.004946809,0.005665705,0.006427933,0.007264017,0.008178046,0.009124209,0.010148097,0.011247558,0.012440119,0.01360172,0.014709601,0.015717535,0.016650691,0.017488197,0.01828325,0.019033721,0.019728937,0.02039468,0.020986079,0.021543718,0.022028602,0.022492388,0.022839537,0.023170836,0.023459151,0.023730346,0.023981586,0.024200756,0.024401074,0.024585452,0.024748613,0.024886516,0.025003634,0.02510137,0.025195902,0.025283719,0.025362305,0.025431716,0.025501008,0.025554273,0.025616401,0.025650944,0.025690869,0.025725201,0.025753137,0.025771955,0.025786451,0.025792765,0.02580263,0.025812094,0.025810905,0.025816897,0.025812554,0.025816265,0.025818944,0.025821865,0.025818072,0.025824594,0.025820079
6.4,2.48E-16,-3.12E-06,-3.81E-06,-8.30E-06,-1.34E-05,-1.75E-05,-2.00E-05,-2.20E-05,-2.20E-05,-1.61E-05,-3.87E-06,2.17E-05,6.26E-05,0.000123835,0.000211363,0.000327734,0.000487971,0.000679723,0.000909502,0.001174558,0.00151449,0.001903652,0.002325842,0.002804372,0.003321959,0.003898101,0.004526633,0.00521459,0.005950943,0.006771822,0.007678795,0.008622575,0.009623097,0.010700676,0.01187789,0.013127661,0.014338089,0.015474145,0.01650233,0.017407701,0.018257215,0.019062671,0.019825128,0.020533013,0.021189756,0.021795141,0.022338112,0.022845912,0.023235397,0.023599683,0.023916454,0.02422064,0.024493068,0.024739468,0.02495531,0.025162153,0.025339067,0.025491139,0.025618767,0.025725438,0.025830267,0.025924867,0.026011924,0.026085767,0.026161352,0.02621821,0.026285452,0.026322324,0.026365052,0.026401952,0.026431809,0.026452552,0.026467324,0.026475338,0.026485152,0.026495752,0.026494767,0.026500995,0.026497238,0.026501024,0.026504152,0.026506795,0.026503809,0.026509838,0.026505538
6.6,2.48E-16,-2.94E-06,-3.61E-06,-8.10E-06,-1.31E-05,-1.76E-05,-2.05E-05,-2.38E-05,-2.51E-05,-2.22E-05,-1.42E-05,4.87E-06,3.60E-05,8.50E-05,0.000155322,0.000251901,0.000386115,0.000554235,0.000761951,0.00100372,0.001316739,0.001675641,0.002066868,0.002509761,0.002990449,0.00352892,0.004117034,0.004771867,0.005472759,0.006271886,0.007165619,0.008094051,0.009081193,0.0101256,0.011271969,0.012523701,0.013824765,0.015081717,0.016241306,0.017257462,0.018175415,0.019028204,0.019850525,0.020620957,0.021330524,0.021993877,0.022591234,0.023150977,0.023585087,0.023989862,0.024340854,0.024677004,0.024978336,0.025251328,0.0254903,0.025717046,0.025914685,0.026081042,0.026220514,0.026338874,0.026454156,0.026557656,0.026653399,0.026733392,0.026815906,0.026877656,0.026950131,0.026990135,0.027036167,0.02707542,0.027108234,0.027130781,0.027146359,0.027155659,0.027166206,0.027177481,0.027176938,0.02718342,0.027180202,0.027184367,0.027187592,0.027190259,0.027187806,0.027193681,0.027189384
6.8,2.48E-16,-2.78E-06,-3.40E-06,-7.90E-06,-1.27E-05,-1.77E-05,-2.04E-05,-2.53E-05,-2.69E-05,-2.70E-05,-2.17E-05,-8.19E-06,1.45E-05,5.44E-05,0.00010816,0.000189999,0.000298127,0.000443908,0.000626804,0.000847714,0.001134505,0.001463064,0.001827312,0.002231737,0.002682377,0.003174497,0.003730632,0.004337435,0.005005431,0.005772654,0.006642186,0.007551428,0.008519967,0.00953798,0.010642178,0.011857736,0.0131779,0.014527621,0.015824662,0.016983282,0.018014024,0.018945358,0.019804487,0.020642893,0.021406493,0.022131242,0.022782313,0.023403519,0.023883583,0.024331661,0.024726246,0.025093182,0.025432174,0.025730002,0.02599928,0.026246159,0.026468116,0.026650758,0.026804622,0.026935637,0.027061901,0.027178243,0.027280751,0.027371936,0.027458708,0.027529436,0.027605572,0.027651079,0.027699864,0.027742457,0.027778929,0.027802486,0.027820278,0.027830057,0.027842471,0.027853829,0.027854336,0.027861107,0.027858114,0.027863036,0.027865886,0.027869221,0.027866543,0.027872921,0.027868293
7,2.48E-16,-2.53E-06,-3.26E-06,-7.33E-06,-1.27E-05,-1.68E-05,-2.11E-05,-2.45E-05,-0.000029183,-2.90E-05,-2.79E-05,-1.85E-05,-3.48E-07,2.67E-05,7.45E-05,0.000133818,0.00023005,0.00034454,0.000508712,0.000704102,0.000965939,0.001271298,0.00159852,0.001981975,0.002384858,0.002853518,0.003354325,0.003932775,0.004549155,0.005283995,0.006120165,0.006999363,0.007946398,0.008941898,0.009999525,0.011168975,0.012454125,0.013834425,0.0152364,0.0165414,0.017725,0.01876775,0.01971905,0.020585625,0.021421075,0.0221956,0.022915175,0.023589875,0.024123825,0.0246206,0.02505375,0.025470825,0.0258352,0.0261781,0.0264667,0.0267472,0.026989475,0.02719485,0.027364125,0.027508475,0.02765105,0.02777555,0.0278946,0.02798945,0.02809005,0.028163625,0.02824975,0.028297525,0.028352375,0.028398325,0.0284377,0.028465275,0.028482325,0.0284961,0.028507675,0.028521475,0.02852205,0.02852935,0.028527,0.028531625,0.028535825,0.028538025,0.028536775,0.028542025,0.0285384
7.2,2.48E-16,-2.43E-06,-2.97E-06,-7.34E-06,-1.17E-05,-1.71E-05,-1.97E-05,-2.64E-05,-2.84E-05,-3.27E-05,-3.14E-05,-2.58E-05,-1.52E-05,1.01E-05,3.94E-05,9.67E-05,0.000163825,0.000268973,0.000398075,0.000576778,0.000813852,0.001087195,0.001399164,0.001735514,0.002125501,0.002536485,0.0030188,0.00353606,0.004123193,0.004810815,0.005607936,0.006451595,0.007364785,0.008335194,0.009361169,0.010467267,0.011704368,0.013048054,0.014497525,0.015927309,0.017252093,0.018467462,0.019516746,0.020492987,0.021345344,0.022203171,0.022970214,0.02371137,0.024300512,0.024844468,0.025335582,0.025783653,0.026204638,0.02656838,0.026906237,0.027204794,0.027481764,0.027706793,0.027894278,0.028057678,0.028210406,0.028355835,0.028479306,0.028593806,0.028695763,0.028784891,0.028873148,0.02892972,0.028987377,0.029038105,0.029082434,0.029109577,0.029132191,0.029144262,0.029160191,0.029172605,0.029175734,0.029183062,0.029180534,0.029186805,0.029189476,0.029194148,0.029190905,0.029198076,0.029193434
7.4,2.48E-16,-2.15E-06,-2.90E-06,-6.53E-06,-1.19E-05,-1.56E-05,-2.07E-05,-2.38E-05,-3.06E-05,-3.18E-05,-3.52E-05,-3.18E-05,-2.21E-05,-1.01E-05,2.24E-05,5.44E-05,0.00012301,0.000194588,0.000314002,0.000458591,0.000672936,0.000929221,0.001198774,0.001529106,0.001861654,0.002266547,0.002683691,0.003183556,0.003710092,0.004360739,0.005115644,0.005910254,0.006788517,0.00772303,0.008718659,0.009784024,0.010942716,0.012231683,0.013659562,0.015152105,0.016626885,0.017972,0.019208291,0.020267213,0.021240603,0.022115349,0.022975571,0.023762047,0.02440424,0.025011319,0.025541684,0.026058631,0.026501652,0.026931349,0.02728477,0.027635485,0.027929067,0.028185389,0.028394289,0.02857225,0.02875015,0.028900979,0.02905089,0.029165708,0.029289476,0.02937964,0.029482683,0.029541458,0.029607454,0.029662615,0.029709644,0.029743869,0.029763615,0.029783022,0.029795869,0.02981298,0.029815519,0.02982388,0.029822533,0.029827301,0.029832976,0.029834897,0.029834572,0.02983928,0.029836694
7.6,2.48E-16,-2.09E-06,-2.60E-06,-6.65E-06,-1.07E-05,-1.61E-05,-1.86E-05,-2.58E-05,-2.84E-05,-3.46E-05,-3.60E-05,-3.54E-05,-3.21E-05,-1.74E-05,-3.36E-06,3.49E-05,7.44E-05,0.000147298,0.000232753,0.000361713,0.000549254,0.000773767,0.001036039,0.00131527,0.001647346,0.001990384,0.002401,0.002837096,0.003338821,0.003938062,0.004640731,0.005396199,0.006219914,0.007119235,0.008072596,0.009105005,0.010210125,0.011408718,0.01277902,0.014273999,0.015810099,0.017326055,0.018681866,0.0199362,0.020995655,0.021987432,0.022875945,0.02375208,0.024451429,0.025099928,0.025703163,0.026250612,0.026768633,0.027217675,0.027638617,0.028009088,0.028348188,0.028628416,0.028859165,0.029064087,0.029251372,0.029433115,0.029585478,0.02972805,0.029852085,0.029962999,0.030069349,0.030138978,0.030209549,0.03027037,0.030323899,0.03035722,0.03038552,0.030401091,0.03042077,0.030435634,0.030441941,0.030450213,0.030448563,0.030456091,0.030458684,0.030464791,0.03046122,0.030469148,0.030464563
7.8,2.48E-16,-1.85E-06,-2.52E-06,-5.93E-06,-1.08E-05,-1.46E-05,-1.91E-05,-2.32E-05,-2.96E-05,-3.29E-05,-3.78E-05,-3.83E-05,-3.51E-05,-3.03E-05,-1.21E-05,6.55E-06,4.99E-05,9.62E-05,0.000176575,0.000276525,0.000436756,0.000644577,0.000869264,0.001143477,0.001425048,0.001763006,0.002117264,0.002536877,0.002985121,0.003542999,0.004204166,0.004897293,0.005681122,0.00652345,0.007437364,0.008426629,0.009491597,0.010620603,0.011895767,0.013339713,0.014898234,0.016479338,0.018017013,0.019395268,0.020648151,0.02173033,0.022722349,0.023646324,0.024414057,0.025131343,0.025771729,0.026394579,0.026944226,0.027465583,0.027913226,0.028343955,0.028708513,0.029026448,0.029283149,0.029505959,0.029725402,0.029915824,0.030100045,0.030244738,0.030394488,0.030510231,0.030632014,0.030707824,0.030786132,0.030854339,0.030911271,0.030952296,0.0309785,0.031001764,0.031018853,0.0310392,0.031045085,0.031054267,0.031054442,0.031060403,0.031066071,0.031069371,0.031069285,0.031074453,0.031072153
8,2.48E-16,-1.76E-06,-2.29E-06,-5.85E-06,-9.91E-06,-1.45E-05,-1.76E-05,-2.39E-05,-2.79E-05,-3.38E-05,-3.77E-05,-4.00E-05,-4.04E-05,-3.45E-05,-2.73E-05,-6.08E-06,1.92E-05,6.44E-05,0.000121894,0.000208908,0.000341623,0.000519545,0.000731919,0.000968227,0.001241426,0.00153456,0.00187466,0.002246676,0.002666789,0.003179777,0.003785546,0.004439532,0.005159042,0.005956911,0.006812451,0.007758399,0.008778719,0.009855817,0.011047206,0.012406507,0.013917379,0.015536179,0.017148578,0.018708363,0.020105404,0.021365289,0.022456274,0.023469473,0.02429813,0.025081472,0.025794772,0.026456,0.027077014,0.02763457,0.028148213,0.028613941,0.029031984,0.029377641,0.029663383,0.029917983,0.030154426,0.03037674,0.030571997,0.030744668,0.030901168,0.031037954,0.031167982,0.031254325,0.031341539,0.031416053,0.031480839,0.031523225,0.031556467,0.031578082,0.031601053,0.031621139,0.031630239,0.031639539,0.031639939,0.031648053,0.031651924,0.031658367,0.031656324,0.031663653,0.031660082
8.2,2.48E-16,-1.59E-06,-2.17E-06,-5.38E-06,-9.68E-06,-1.35E-05,-1.73E-05,-2.23E-05,-2.78E-05,-3.25E-05,-3.80E-05,-4.10E-05,-4.20E-05,-4.10E-05,-3.35E-05,-2.22E-05,1.91E-06,3.24E-05,8.27E-05,0.000150657,0.000261209,0.000414017,0.000598424,0.000820651,0.001060161,0.001338156,0.001640327,0.001989032,0.002368868,0.002842547,0.003406323,0.004000786,0.004675443,0.005412336,0.006216171,0.007106067,0.008076846,0.009105673,0.010234889,0.011509502,0.01293278,0.014509234,0.016173391,0.017820505,0.019398288,0.020812217,0.022069724,0.023195228,0.024106485,0.024956328,0.025728475,0.026462339,0.027128836,0.027750832,0.028308818,0.028831968,0.029295825,0.029680968,0.029999236,0.030280226,0.03054964,0.030791311,0.031016644,0.031201419,0.031382162,0.031531047,0.031676854,0.031772937,0.031868612,0.031952501,0.032023169,0.03207158,0.032106669,0.032133712,0.032157158,0.032181622,0.032191765,0.032201565,0.032203612,0.032211319,0.03221739,0.032222783,0.03222284,0.032228744,0.032226408
8.4,2.48E-16,-1.47E-06,-2.00E-06,-5.12E-06,-9.13E-06,-1.30E-05,-1.64E-05,-2.18E-05,-2.67E-05,-3.20E-05,-3.74E-05,-4.13E-05,-4.39E-05,-4.40E-05,-4.08E-05,-3.16E-05,-1.52E-05,9.94E-06,4.82E-05,0.000104005,0.000194643,0.000321062,0.000483012,0.000680906,0.00090164,0.001152155,0.00143133,0.00174828,0.002097795,0.00253286,0.00305091,0.003601475,0.00421945,0.00490299,0.005649665,0.00648014,0.00739625,0.00836815,0.00944647,0.0106625,0.01198795,0.01346795,0.01510515,0.01681005,0.01849345,0.02007805,0.0215056,0.0227891,0.02382795,0.02476015,0.0255916,0.0263882,0.02712025,0.02779645,0.0284115,0.02898485,0.0295049,0.02992995,0.0302862,0.03060005,0.03089905,0.03117015,0.03142005,0.0316288,0.0318269,0.03199565,0.0321561,0.03226375,0.0323703,0.0324634,0.0325418,0.0325957,0.0326353,0.0326651,0.03269205,0.0327191,0.0327316,0.032742,0.0327451,0.0327538,0.0327606,0.032767,0.03276735,0.03277355,0.03277115
8.6,2.48E-16,-1.35E-06,-1.86E-06,-4.85E-06,-8.65E-06,-1.25E-05,-1.56E-05,-2.11E-05,-2.56E-05,-3.13E-05,-3.66E-05,-4.13E-05,-4.49E-05,-4.61E-05,-4.59E-05,-3.89E-05,-2.84E-05,-8.01E-06,2.05E-05,6.62E-05,0.00013955,0.000243766,0.000381073,0.000554966,0.000757376,0.000982657,0.001240371,0.001527934,0.001849471,0.002248473,0.00272416,0.003231452,0.003797494,0.004430321,0.005113504,0.005891552,0.006740929,0.007656607,0.008676411,0.009847889,0.011103348,0.012465098,0.014008434,0.015701723,0.017451823,0.01915318,0.020747616,0.02220684,0.023413294,0.024469136,0.025390672,0.026238836,0.027033829,0.027770607,0.028445939,0.029070157,0.029649496,0.030120403,0.030515728,0.030869239,0.031199585,0.031504182,0.031778953,0.032014835,0.03223351,0.032423642,0.032600496,0.032721535,0.032839506,0.03294206,0.033031046,0.033088492,0.033135092,0.033166921,0.033198406,0.033228042,0.033243324,0.033254506,0.033258417,0.033268899,0.033275821,0.033283956,0.033283992,0.033291217,0.033288388
8.8,2.48E-16,-1.22E-06,-1.75E-06,-4.47E-06,-8.37E-06,-1.16E-05,-1.52E-05,-1.97E-05,-2.52E-05,-2.97E-05,-3.61E-05,-4.08E-05,-4.46E-05,-4.85E-05,-4.75E-05,-4.67E-05,-3.57E-05,-2.48E-05,8.47E-07,3.41E-05,9.45E-05,0.000181456,0.000291301,0.000447439,0.000621045,0.000834574,0.001060653,0.001330794,0.001619893,0.00198775,0.002427478,0.002886038,0.003415376,0.00398458,0.004624752,0.00532806,0.006129526,0.006971567,0.007934318,0.00905753,0.010259151,0.011530451,0.012950893,0.01455082,0.016307049,0.018079349,0.019802764,0.02142598,0.022819567,0.024037839,0.025083569,0.026032641,0.026864784,0.027672271,0.028400671,0.029088743,0.029720757,0.030246786,0.030685844,0.031074001,0.031450602,0.031780545,0.032096088,0.032349902,0.032599974,0.032807974,0.033007389,0.033141989,0.03327206,0.033388789,0.033483217,0.033553003,0.033599703,0.033640703,0.033672046,0.033708203,0.033724375,0.033736889,0.033743003,0.033753018,0.033763318,0.033769661,0.033773189,0.033778318,0.033777132
9,2.48E-16,-1.15E-06,-1.59E-06,-4.36E-06,-7.71E-06,-1.14E-05,-1.40E-05,-1.98E-05,-2.34E-05,-2.96E-05,-3.45E-05,-4.01E-05,-4.52E-05,-4.76E-05,-5.23E-05,-4.76E-05,-4.67E-05,-3.26E-05,-1.94E-05,1.12E-05,5.77E-05,0.000126488,0.00022347,0.000343271,0.000509738,0.0006882,0.000907891,0.0011426,0.001415213,0.001749854,0.00214933,0.002580731,0.003049474,0.003591204,0.004156978,0.004822017,0.005540707,0.006334188,0.007223427,0.008293483,0.009444716,0.010646955,0.011968009,0.013438295,0.015102553,0.016901928,0.018702142,0.020461305,0.022038451,0.023431046,0.02465181,0.025709316,0.026656333,0.027492333,0.028302615,0.029040079,0.029740007,0.030315064,0.030799028,0.031239328,0.031644028,0.032027249,0.032361313,0.032660145,0.032925402,0.033166462,0.033383691,0.033535794,0.033682084,0.033806648,0.033919187,0.033988023,0.034049537,0.034086958,0.034128762,0.03416494,0.034186373,0.034199783,0.034205915,0.034220812,0.034227808,0.034239847,0.034239915,0.034249212,0.034245615
9.2,2.48E-16,-1.00E-06,-1.52E-06,-3.90E-06,-7.65E-06,-1.04E-05,-1.40E-05,-1.76E-05,-2.35E-05,-2.71E-05,-3.41E-05,-3.90E-05,-4.35E-05,-4.99E-05,-4.99E-05,-5.49E-05,-4.70E-05,-4.61E-05,-2.85E-05,-1.12E-05,2.82E-05,8.67E-05,0.000157271,0.000270957,0.000393616,0.000574134,0.000753217,0.000983437,0.001220736,0.001531622,0.00190377,0.002284134,0.002736165,0.003205056,0.003751959,0.004334162,0.005017001,0.005724079,0.006558993,0.007566448,0.00865177,0.009801365,0.011048344,0.012402478,0.013931176,0.015648932,0.017491304,0.019335612,0.0210707,0.02265416,0.024036741,0.025278458,0.026320995,0.02728094,0.028122004,0.02894332,0.029689156,0.03032345,0.030863665,0.031338851,0.031806224,0.032210838,0.032605611,0.032915232,0.033229326,0.033485304,0.033732741,0.033902248,0.034061384,0.034208491,0.034321756,0.034412642,0.034466984,0.034522363,0.034558692,0.034607285,0.034627199,0.034642835,0.034653564,0.034665771,0.034679928,0.034686292,0.034694099,0.034698013,0.034698628
9.4,2.48E-16,-9.60E-07,-1.37E-06,-3.90E-06,-6.90E-06,-1.04E-05,-1.25E-05,-1.82E-05,-2.13E-05,-2.75E-05,-3.21E-05,-3.81E-05,-4.39E-05,-4.71E-05,-5.46E-05,-5.17E-05,-5.65E-05,-4.70E-05,-4.37E-05,-2.35E-05,4.21E-06,4.84E-05,0.000115498,0.000192864,0.000315266,0.000449134,0.000633593,0.000823403,0.001053504,0.001333068,0.001668342,0.00203418,0.002422056,0.002882677,0.003349413,0.003914546,0.004512155,0.005179084,0.005935553,0.00687742,0.007904251,0.008977269,0.010174638,0.01144071,0.012837347,0.014426323,0.016192634,0.018087956,0.019935534,0.021662901,0.023260229,0.024645084,0.025884376,0.026930514,0.027897731,0.028746598,0.029580105,0.030266204,0.030850736,0.031391515,0.031885171,0.03236096,0.032771703,0.033145045,0.033469356,0.033771841,0.034039252,0.034230784,0.034412494,0.034564751,0.034705976,0.034791069,0.034868812,0.034914608,0.034969233,0.03501464,0.035042447,0.035059665,0.035069879,0.035090097,0.035097486,0.035113983,0.035114683,0.03512639,0.035122511
9.6,2.48E-16,-8.28E-07,-1.31E-06,-3.48E-06,-6.87E-06,-9.38E-06,-1.26E-05,-1.61E-05,-2.14E-05,-2.50E-05,-3.16E-05,-3.67E-05,-4.18E-05,-4.86E-05,-5.08E-05,-5.70E-05,-5.38E-05,-5.65E-05,-4.70E-05,-3.81E-05,-1.40E-05,2.37E-05,6.95E-05,0.000147123,0.000230285,0.000362854,0.000506152,0.000695359,0.000892143,0.001152569,0.001465321,0.001785606,0.002164679,0.002557869,0.003014901,0.003502415,0.004073044,0.004665089,0.005366251,0.006244133,0.007189398,0.008204036,0.009323801,0.010531379,0.011829872,0.013281428,0.01491484,0.016743009,0.018661723,0.020516782,0.022252913,0.023858957,0.025240318,0.026484248,0.027536894,0.028494495,0.029372296,0.030135669,0.030780255,0.031357113,0.031922457,0.032422501,0.032906229,0.033296473,0.033679174,0.033999674,0.034305089,0.034519732,0.034716647,0.034897876,0.03503939,0.035152405,0.035222176,0.035290248,0.035337991,0.035399148,0.035425762,0.035446477,0.035462291,0.035479034,0.035495777,0.03550592,0.035516091,0.035521348,0.035522677
9.8,2.48E-16,-7.79E-07,-1.20E-06,-3.40E-06,-6.30E-06,-9.24E-06,-1.15E-05,-1.62E-05,-1.96E-05,-2.48E-05,-2.98E-05,-3.56E-05,-4.13E-05,-4.61E-05,-5.29E-05,-5.41E-05,-5.90E-05,-5.62E-05,-5.58E-05,-4.53E-05,-2.91E-05,-7.88E-07,4.19E-05,9.51E-05,0.000176359,0.000271843,0.000408765,0.000566294,0.000753981,0.00098803,0.001271023,0.00157543,0.001906085,0.00228706,0.00268319,0.003149858,0.00365319,0.00420557,0.004841645,0.005649035,0.006534593,0.007461893,0.008521838,0.009648597,0.01088215,0.012227275,0.013711425,0.0154039,0.017293025,0.019228775,0.0211036,0.022848,0.024447925,0.025843,0.027076,0.02813435,0.0290997,0.029922925,0.030630725,0.0312762,0.031876675,0.03244635,0.03296,0.033415,0.033822725,0.034193175,0.0345249,0.034766325,0.034991025,0.035184,0.035354275,0.035467125,0.035559225,0.03562335,0.03568785,0.035750075,0.035784075,0.035807475,0.035824225,0.03584815,0.0358612,0.035880125,0.035885575,0.03589735,0.0358958
10,2.48E-16,-6.84E-07,-1.13E-06,-3.12E-06,-6.12E-06,-8.55E-06,-1.12E-05,-1.49E-05,-1.92E-05,-2.31E-05,-2.89E-05,-3.42E-05,-3.96E-05,-4.59E-05,-5.04E-05,-5.59E-05,-5.74E-05,-6.05E-05,-5.79E-05,-5.34E-05,-4.03E-05,-1.73E-05,1.30E-05,6.22E-05,0.000120451,0.00020869,0.000313517,0.000459419,0.000622999,0.00083839,0.001099653,0.001371878,0.001685753,0.002021595,0.002398629,0.002812081,0.003282828,0.003778386,0.004362342,0.005109406,0.005914731,0.006780751,0.007755608,0.008813431,0.009969347,0.011239502,0.012604997,0.014136873,0.015910242,0.017839801,0.01980114,0.021686154,0.023429015,0.025035838,0.026427439,0.027656841,0.028728609,0.029635186,0.030407047,0.031112052,0.031781604,0.032391446,0.03296969,0.033461045,0.033923932,0.034328865,0.034701538,0.034972854,0.035219643,0.035441536,0.035622839,0.035759024,0.035852819,0.035934211,0.036000363,0.036075755,0.036112006,0.036139592,0.036161599,0.036185528,0.036205185,0.036222786,0.036234485,0.036243801,0.036245357
10.2,2.48E-16,-6.24E-07,-1.05E-06,-2.98E-06,-5.74E-06,-8.21E-06,-1.05E-05,-1.44E-05,-1.80E-05,-2.24E-05,-2.75E-05,-3.30E-05,-3.84E-05,-4.42E-05,-5.01E-05,-5.43E-05,-5.86E-05,-6.07E-05,-6.17E-05,-5.79E-05,-4.93E-05,-3.20E-05,-6.59E-06,3.01E-05,8.10E-05,0.000149355,0.000240208,0.000359753,0.000508098,0.000702468,0.000939978,0.001192482,0.00147537,0.001789276,0.002128163,0.002512872,0.002937914,0.003393231,0.003924557,0.00461029,0.005354393,0.006140772,0.007045495,0.008022009,0.009100367,0.010295336,0.011572421,0.012971241,0.014595749,0.016425775,0.01838976,0.020369125,0.022256277,0.024014795,0.025604229,0.027009373,0.028237661,0.029265303,0.030115355,0.03088397,0.03161175,0.032285493,0.03291182,0.033459778,0.033966768,0.034420994,0.034831863,0.035136542,0.035413446,0.035659111,0.035864997,0.036012894,0.036123179,0.036211333,0.036289555,0.036373337,0.036415548,0.036447741,0.036473248,0.036501759,0.036523513,0.036546138,0.036558549,0.036571038,0.036572452
10.4,2.48E-16,-5.60E-07,-9.76E-07,-2.80E-06,-5.45E-06,-7.79E-06,-9.98E-06,-1.37E-05,-1.72E-05,-2.14E-05,-2.63E-05,-3.16E-05,-3.70E-05,-4.28E-05,-4.89E-05,-5.34E-05,-5.82E-05,-6.11E-05,-6.35E-05,-6.15E-05,-5.60E-05,-4.29E-05,-2.32E-05,5.66E-06,4.70E-05,0.000102374,0.000177767,0.000276345,0.000404625,0.000579441,0.000795875,0.001026884,0.001285447,0.001574166,0.001883756,0.002237347,0.002624749,0.003041007,0.003525106,0.004154727,0.004837613,0.005557119,0.006387526,0.007281017,0.008286264,0.009392727,0.010594529,0.011889114,0.013386214,0.015076971,0.0169423,0.018936329,0.020928543,0.022828971,0.024580229,0.026174886,0.027581571,0.028768543,0.029742043,0.030592714,0.0313774,0.032110043,0.0327925,0.033396014,0.0339532,0.034458429,0.034912471,0.035254214,0.035564,0.035837229,0.036069357,0.036233071,0.036359029,0.0364576,0.036548529,0.036642814,0.036690971,0.036728486,0.036758343,0.036792143,0.036816443,0.036844186,0.036858686,0.036873971,0.036875957
10.6,2.48E-16,-4.93E-07,-9.16E-07,-2.60E-06,-5.23E-06,-7.30E-06,-9.60E-06,-1.27E-05,-1.65E-05,-2.01E-05,-2.54E-05,-3.02E-05,-3.55E-05,-4.17E-05,-4.68E-05,-5.31E-05,-5.64E-05,-6.21E-05,-6.35E-05,-6.45E-05,-6.07E-05,-5.10E-05,-3.76E-05,-1.21E-05,1.70E-05,6.66E-05,0.000123332,0.000209416,0.000312836,0.000468809,0.000665926,0.000873532,0.001115898,0.001373038,0.001665212,0.001981021,0.002342904,0.002717347,0.003161545,0.0037402,0.004360818,0.005026098,0.005777705,0.006605897,0.007515134,0.008553594,0.009658732,0.010869925,0.012272036,0.013834168,0.015550861,0.017458632,0.019478009,0.021492013,0.023386748,0.025150725,0.026738193,0.028112725,0.02924423,0.03021262,0.031094711,0.031870271,0.032615577,0.033268329,0.0338871,0.034440025,0.034944977,0.035327577,0.035669446,0.035981312,0.036232363,0.036425472,0.036559052,0.036679077,0.036777628,0.036887329,0.036941103,0.036983982,0.037022316,0.037056978,0.037090793,0.037118112,0.0371408,0.037154944,0.037160386
10.8,2.48E-16,-4.53E-07,-8.47E-07,-2.51E-06,-4.87E-06,-7.08E-06,-8.84E-06,-1.25E-05,-1.53E-05,-1.96E-05,-2.39E-05,-2.91E-05,-3.44E-05,-3.96E-05,-4.65E-05,-5.02E-05,-5.73E-05,-5.97E-05,-6.54E-05,-6.48E-05,-6.45E-05,-5.82E-05,-4.56E-05,-3.11E-05,-1.04E-06,3.04E-05,8.56E-05,0.00014808,0.00024049,0.00036943,0.000546003,0.000740624,0.000951647,0.001200944,0.001453386,0.001758339,0.002076372,0.002428651,0.002829274,0.00335807,0.003934354,0.004527273,0.005232029,0.005969221,0.006822089,0.007753179,0.008790756,0.00989986,0.011226386,0.012694979,0.014263429,0.016023757,0.017976871,0.020020407,0.02204525,0.0239485,0.0257099,0.027273121,0.028581257,0.029711621,0.030700671,0.031590929,0.0323654,0.033092536,0.033756164,0.034374771,0.034926307,0.035352171,0.03573905,0.03607695,0.036372143,0.036572257,0.036739807,0.036862286,0.036986914,0.037104343,0.037168164,0.037219807,0.037259721,0.037307786,0.037338564,0.037380329,0.03739905,0.0374236,0.037426814
11,2.48E-16,-3.82E-07,-8.03E-07,-2.28E-06,-4.76E-06,-6.49E-06,-8.74E-06,-1.13E-05,-1.52E-05,-1.80E-05,-2.33E-05,-2.76E-05,-3.26E-05,-3.91E-05,-4.33E-05,-5.09E-05,-5.34E-05,-6.15E-05,-6.27E-05,-6.71E-05,-6.63E-05,-6.17E-05,-5.65E-05,-3.85E-05,-2.51E-05,1.19E-05,4.39E-05,0.000106696,0.000173562,0.000285894,0.000441391,0.000609784,0.000817165,0.001025851,0.001279438,0.001536911,0.001848045,0.00215571,0.002529174,0.003016771,0.003531586,0.004092716,0.004709626,0.005409469,0.006159068,0.007038686,0.007963824,0.008997782,0.01023756,0.011623558,0.013089991,0.014689826,0.016503966,0.018492987,0.020556919,0.022596549,0.024499687,0.026246465,0.027751593,0.029046369,0.030207428,0.031186674,0.032082559,0.032838535,0.033585006,0.034247403,0.03485804,0.035334105,0.035754803,0.036148483,0.036457332,0.036707944,0.036872041,0.037035369,0.037159936,0.037304193,0.037373193,0.037429749,0.037485899,0.037529383,0.037579977,0.037614102,0.037651168,0.037669024,0.037681
11.2,2.48E-16,-3.62E-07,-7.39E-07,-2.24E-06,-4.35E-06,-6.43E-06,-7.83E-06,-1.15E-05,-1.37E-05,-1.80E-05,-2.16E-05,-2.67E-05,-0.00003168,-3.64E-05,-4.39E-05,-4.66E-05,-5.53E-05,-5.70E-05,-6.50E-05,-6.50E-05,-6.83E-05,-6.65E-05,-5.86E-05,-5.40E-05,-3.16E-05,-1.72E-05,0.000024323,6.05E-05,0.000127447,0.000213865,0.000344147,0.000505435,0.00067498,0.000890448,0.00109424,0.0013594,0.00161926,0.00192021,0.00225244,0.00269737,0.00318437,0.00367005,0.00426639,0.0048658,0.00558616,0.00635363,0.00722369,0.00814816,0.00930819,0.0106184,0.0119873,0.0134775,0.015127,0.0169776,0.0190068,0.0210908,0.0231383,0.0250431,0.0267281,0.0282365,0.0295413,0.0307093,0.0316801,0.0325597,0.0333307,0.0340813,0.034743,0.0352616,0.0357429,0.0361586,0.0365327,0.0367827,0.0370023,0.0371599,0.0373263,0.037474,0.0375584,0.0376291,0.0376818,0.0377505,0.0377896,0.0378506,0.0378755,0.0379144,0.0379208
11.4,2.48E-16,-2.96E-07,-7.04E-07,-2.02E-06,-4.30E-06,-5.83E-06,-7.85E-06,-1.02E-05,-1.37E-05,-1.63E-05,-2.12E-05,-2.52E-05,-2.99E-05,-3.60E-05,-4.02E-05,-4.77E-05,-5.05E-05,-5.88E-05,-6.09E-05,-6.66E-05,-6.81E-05,-6.72E-05,-6.65E-05,-5.54E-05,-4.99E-05,-2.50E-05,-6.65E-06,3.66E-05,8.01E-05,0.00015813,0.000267379,0.000397222,0.000568923,0.000741564,0.000955608,0.001170502,0.001434407,0.001691424,0.00200568,0.002417092,0.002848572,0.00331805,0.003830675,0.004412537,0.005031724,0.005763642,0.006530492,0.007383601,0.008453173,0.009667709,0.010961376,0.012347099,0.013883561,0.015562428,0.017457734,0.019509661,0.021607571,0.023663506,0.025522539,0.027197115,0.02873022,0.030032611,0.03119833,0.032151918,0.033030292,0.033820438,0.034565367,0.035140783,0.03565295,0.036139321,0.036526137,0.036842772,0.037058565,0.037272378,0.037436534,0.037619592,0.037711018,0.037787472,0.037864413,0.037923984,0.037992749,0.038041092,0.038092735,0.038121712,0.038142382
11.6,2.48E-16,-2.75E-07,-6.53E-07,-1.97E-06,-3.97E-06,-5.71E-06,-7.13E-06,-1.02E-05,-1.26E-05,-1.62E-05,-1.98E-05,-2.42E-05,-2.89E-05,-3.38E-05,-4.01E-05,-4.41E-05,-5.12E-05,-5.49E-05,-6.17E-05,-6.43E-05,-6.86E-05,-6.94E-05,-6.68E-05,-6.49E-05,-5.30E-05,-4.38E-05,-1.86E-05,5.99E-06,4.98E-05,0.000109139,0.000199844,0.00031542,0.000454956,0.000629352,0.000804406,0.001022284,0.001245484,0.001495781,0.001776544,0.002153564,0.002560402,0.002971096,0.003464442,0.003967626,0.004559476,0.005200851,0.00591668,0.0066795,0.00766185,0.008794704,0.009983218,0.0112906,0.012720821,0.014268407,0.0159975,0.017923129,0.019999086,0.02213055,0.024148164,0.026006114,0.027696929,0.029227464,0.030535193,0.031667,0.032631821,0.033509086,0.034311779,0.034952207,0.035528614,0.036045636,0.036498829,0.036828479,0.037100121,0.037321571,0.037527493,0.037723164,0.037832293,0.037925871,0.038004514,0.038089243,0.038151057,0.038227179,0.038270857,0.038320693,0.038339407
11.8,2.48E-16,-2.28E-07,-6.18E-07,-1.81E-06,-3.84E-06,-5.29E-06,-6.96E-06,-9.34E-06,-1.23E-05,-1.50E-05,-1.91E-05,-2.30E-05,-2.74E-05,-3.28E-05,-3.75E-05,-4.37E-05,-4.80E-05,-5.48E-05,-5.87E-05,-6.41E-05,-6.77E-05,-6.93E-05,-7.04E-05,-6.60E-05,-6.30E-05,-4.98E-05,-3.72E-05,-1.10E-05,1.90E-05,7.09E-05,0.000146328,0.000238245,0.000365859,0.000511421,0.00068449,0.000869559,0.001087226,0.001306985,0.001569841,0.001917709,0.002283852,0.002672768,0.003107937,0.003585344,0.004106847,0.004706682,0.005344431,0.00604299,0.006945258,0.007978652,0.009085491,0.010286042,0.011631029,0.013066588,0.014654804,0.016416022,0.018373604,0.02050113,0.022621792,0.024637315,0.026510354,0.028200443,0.029727838,0.031011299,0.03213927,0.033114146,0.033994068,0.034698383,0.035331841,0.035916308,0.036399976,0.036788444,0.037077894,0.037347265,0.037569656,0.037797836,0.037922731,0.038027215,0.038127507,0.03821399,0.038300149,0.038374839,0.038439862,0.038488847,0.038520332
12,2.48E-16,-2.02E-07,-5.79E-07,-1.73E-06,-3.61E-06,-5.08E-06,-6.49E-06,-9.07E-06,-1.15E-05,-1.45E-05,-1.81E-05,-2.20E-05,-2.63E-05,-3.12E-05,-3.65E-05,-4.14E-05,-4.71E-05,-5.22E-05,-5.78E-05,-6.22E-05,-6.70E-05,-6.95E-05,-7.05E-05,-7.01E-05,-6.59E-05,-5.97E-05,-4.64E-05,-2.93E-05,-2.30E-06,3.83E-05,0.000100446,0.000179124,0.000281513,0.000415143,0.000564894,0.00074121,0.000933754,0.001140709,0.001379127,0.00169896,0.002039513,0.002389394,0.002796951,0.003223106,0.0037089,0.004246784,0.00483302,0.005461266,0.006287514,0.00724055,0.008244526,0.009357456,0.010598929,0.011938329,0.013413471,0.015022257,0.016815857,0.018845329,0.020990143,0.023113543,0.025141371,0.027011957,0.028704457,0.030193286,0.0314843,0.032609614,0.0335981,0.034375071,0.0350738,0.035714171,0.036258186,0.0366816,0.037019,0.037315943,0.037576914,0.037830529,0.037976971,0.038100243,0.038212443,0.038318543,0.038411757,0.038506586,0.038576486,0.038640786,0.038677586
12.2,2.48E-16,-1.71E-07,-5.46E-07,-1.62E-06,-3.44E-06,-4.80E-06,-6.18E-06,-8.59E-06,-1.09E-05,-1.37E-05,-1.73E-05,-2.09E-05,-2.51E-05,-2.99E-05,-3.49E-05,-4.00E-05,-4.52E-05,-5.07E-05,-5.59E-05,-6.08E-05,-6.57E-05,-6.89E-05,-7.11E-05,-7.15E-05,-6.98E-05,-6.50E-05,-5.58E-05,-4.20E-05,-2.11E-05,1.21E-05,6.33E-05,0.000127982,0.000214169,0.000325964,0.000461038,0.000620049,0.000797338,0.000986242,0.001205445,0.00150032,0.001812639,0.002135259,0.002508048,0.002899209,0.003341616,0.003833156,0.004365763,0.004934823,0.005690976,0.00656155,0.007480394,0.008495796,0.009637055,0.010879532,0.012248267,0.013739279,0.015369878,0.017245246,0.019325215,0.02147903,0.023615304,0.02564339,0.027512687,0.02917538,0.03065881,0.031955381,0.033089546,0.033981465,0.034757027,0.035458266,0.036055239,0.036529839,0.036908573,0.037246138,0.037541961,0.037829208,0.037999393,0.038142431,0.038272192,0.038395231,0.038504042,0.038613212,0.038696427,0.038772123,0.038818451
12.4,2.48E-16,-1.42E-07,-5.15E-07,-1.52E-06,-3.29E-06,-4.52E-06,-5.92E-06,-8.08E-06,-1.05E-05,-1.30E-05,-1.65E-05,-1.99E-05,-2.39E-05,-2.87E-05,-3.32E-05,-3.87E-05,-4.31E-05,-4.93E-05,-5.37E-05,-5.94E-05,-6.42E-05,-6.79E-05,-7.13E-05,-7.17E-05,-7.29E-05,-6.83E-05,-6.37E-05,-5.14E-05,-3.66E-05,-8.88E-06,3.29E-05,8.52E-05,0.000159053,0.000249141,0.000369685,0.000508783,0.000674673,0.00084403,0.001047287,0.001318471,0.001604115,0.001904555,0.002241591,0.002606555,0.003004917,0.003459485,0.003939954,0.004459702,0.005149879,0.005941391,0.006783523,0.007704389,0.008754526,0.009883419,0.011162914,0.01253545,0.014041914,0.015756743,0.017704736,0.019804964,0.021974907,0.024113471,0.026145457,0.02798205,0.029645164,0.0311257,0.032435693,0.033476064,0.034365521,0.035160464,0.035797521,0.036328479,0.036748257,0.037135964,0.037465721,0.037792479,0.037990893,0.038153814,0.038308693,0.038444243,0.038578479,0.038696536,0.038801243,0.038884929,0.038945214
12.6,2.48E-16,-1.23E-07,-4.85E-07,-1.45E-06,-3.09E-06,-4.36E-06,-5.50E-06,-7.89E-06,-9.77E-06,-1.26E-05,-1.56E-05,-1.91E-05,-2.29E-05,-2.72E-05,-3.23E-05,-3.64E-05,-4.23E-05,-4.66E-05,-5.28E-05,-5.70E-05,-6.28E-05,-6.69E-05,-6.98E-05,-7.34E-05,-7.23E-05,-7.36E-05,-6.65E-05,-6.15E-05,-4.67E-05,-2.69E-05,7.45E-06,5.27E-05,0.000108857,0.000191052,0.000283074,0.000415203,0.000556697,0.000719223,0.000900543,0.001150831,0.001417982,0.00168565,0.002007807,0.002328323,0.002708239,0.003110676,0.003559428,0.00402627,0.004656695,0.005384444,0.006139942,0.006992714,0.007933097,0.008980725,0.01013414,0.011416736,0.012799403,0.014385267,0.016192359,0.018163903,0.020283963,0.022467509,0.024607999,0.026619026,0.028449332,0.030116457,0.031610035,0.032823213,0.033866991,0.034765205,0.035504787,0.036061962,0.036544426,0.036966875,0.037350615,0.037712562,0.037942458,0.038137353,0.038304478,0.038476021,0.038614573,0.038767141,0.038874718,0.038985962,0.039050938
12.8,2.48E-16,-9.14E-08,-4.60E-07,-1.33E-06,-2.99E-06,-4.03E-06,-5.39E-06,-7.20E-06,-9.59E-06,-1.16E-05,-1.51E-05,-1.80E-05,-2.18E-05,-2.63E-05,-3.01E-05,-3.59E-05,-3.94E-05,-4.62E-05,-4.96E-05,-5.61E-05,-6.07E-05,-6.51E-05,-7.02E-05,-7.09E-05,-7.59E-05,-7.22E-05,-7.38E-05,-6.45E-05,-5.85E-05,-3.95E-05,-1.22E-05,2.14E-05,7.51E-05,0.000132535,0.000222612,0.000319989,0.000461104,0.000597336,0.00077043,0.000999311,0.001238749,0.001498339,0.001776439,0.002092521,0.002418727,0.00280752,0.003201914,0.00363656,0.004212493,0.00486745,0.005572493,0.00632488,0.007205469,0.008132566,0.009211887,0.010357986,0.011649243,0.013113343,0.014798543,0.016630186,0.018618829,0.020761871,0.022957686,0.025080971,0.027091243,0.028924729,0.0306067,0.032015443,0.033216314,0.034280943,0.035105171,0.035771686,0.036271371,0.036764757,0.037179857,0.037595057,0.0378615,0.0380768,0.0382879,0.038461029,0.038647157,0.038796114,0.038944871,0.039057214,0.039146571
13,2.48E-16,-8.19E-08,-4.33E-07,-1.30E-06,-2.78E-06,-3.95E-06,-4.89E-06,-7.23E-06,-8.75E-06,-1.15E-05,-1.40E-05,-1.74E-05,-2.09E-05,-2.47E-05,-2.98E-05,-3.31E-05,-3.94E-05,-4.27E-05,-4.95E-05,-5.30E-05,-5.94E-05,-6.40E-05,-6.73E-05,-7.30E-05,-7.21E-05,-7.77E-05,-7.17E-05,-7.31E-05,-6.24E-05,-5.20E-05,-2.94E-05,1.95E-06,3.67E-05,9.80E-05,0.000155795,0.000255851,0.000359428,0.000498609,0.000646452,0.00085832,0.001086675,0.001308291,0.001588495,0.001850678,0.002180369,0.002509536,0.00289195,0.003276372,0.003803737,0.004413723,0.005033924,0.005746922,0.006511808,0.00738766,0.008337161,0.009408898,0.010563479,0.011927327,0.013506901,0.015206178,0.017048337,0.019068042,0.021231099,0.023425387,0.025548003,0.027566937,0.029421134,0.031021165,0.032433117,0.033634145,0.034632176,0.0353593,0.035975244,0.036483322,0.036971099,0.03742553,0.037730957,0.037994137,0.038211966,0.038443993,0.038620962,0.038828178,0.038968768,0.039127765,0.039218188
13.2,2.48E-16,-5.19E-08,-4.12E-07,-1.18E-06,-2.71E-06,-3.62E-06,-4.88E-06,-6.48E-06,-8.73E-06,-1.05E-05,-1.37E-05,-1.63E-05,-1.98E-05,-2.40E-05,-2.75E-05,-3.30E-05,-3.61E-05,-4.27E-05,-4.59E-05,-5.24E-05,-5.69E-05,-6.18E-05,-6.75E-05,-6.90E-05,-7.56E-05,-7.35E-05,-7.81E-05,-7.20E-05,-0.000071119,-5.88E-05,-4.16E-05,-2.04E-05,1.74E-05,5.40E-05,0.000119503,0.000183463,0.000289155,0.000395724,0.000540758,0.000732753,0.00093453,0.001156687,0.001389336,0.001660836,0.001932707,0.002264436,0.002592066,0.002957129,0.003438954,0.003985326,0.004575331,0.005192674,0.005923364,0.006679041,0.007576733,0.008518849,0.009587074,0.01083166,0.012299329,0.013900636,0.015593579,0.01746775,0.01951335,0.021683493,0.023879579,0.026015236,0.028050407,0.02984435,0.031426829,0.032855957,0.033980864,0.034886086,0.035549893,0.036167071,0.036676807,0.03719865,0.0375542,0.037840307,0.038120671,0.038349286,0.038593329,0.038789893,0.038988929,0.039147236,0.039272914
13.4,2.48E-16,-4.40E-08,-3.91E-07,-1.15E-06,-2.53E-06,-3.54E-06,-4.45E-06,-6.47E-06,-8.01E-06,-1.03E-05,-1.28E-05,-1.57E-05,-1.90E-05,-2.26E-05,-2.71E-05,-3.05E-05,-3.60E-05,-3.96E-05,-4.55E-05,-4.95E-05,-5.55E-05,-6.03E-05,-6.45E-05,-7.00E-05,-7.16E-05,-7.70E-05,-7.50E-05,-7.75E-05,-7.22E-05,-6.66E-05,-5.24E-05,-3.24E-05,-8.86E-06,3.22E-05,7.26E-05,0.000141341,0.000214674,0.000318074,0.000439259,0.000616485,0.00080807,0.000998065,0.001233372,0.001458888,0.001735406,0.002016558,0.002337004,0.002660279,0.003103382,0.003613708,0.004132874,0.004721763,0.005356237,0.006071799,0.006856421,0.007731869,0.008686995,0.009822565,0.011189519,0.012668509,0.01425525,0.01598072,0.017876861,0.019948146,0.022125517,0.024334078,0.026494339,0.02848077,0.030265279,0.031854484,0.03320867,0.034239497,0.035070565,0.035746264,0.036340886,0.036906153,0.037314214,0.037661354,0.03795806,0.038252302,0.038496348,0.038756639,0.038956451,0.039165086,0.039299843
13.6,2.48E-16,-2.25E-08,-3.71E-07,-1.06E-06,-2.44E-06,-3.29E-06,-4.35E-06,-5.93E-06,-7.85E-06,-9.57E-06,-1.23E-05,-1.49E-05,-1.80E-05,-2.18E-05,-2.53E-05,-2.99E-05,-3.35E-05,-3.89E-05,-4.28E-05,-4.84E-05,-5.32E-05,-5.82E-05,-6.37E-05,-6.69E-05,-7.26E-05,-7.38E-05,-7.78E-05,-7.63E-05,-7.68E-05,-7.06E-05,-6.01E-05,-4.64E-05,-2.24E-05,3.70E-06,4.65E-05,9.29E-05,0.00016448,0.000241993,0.000352569,0.000512154,0.000683446,0.000867988,0.001070324,0.001295439,0.001532336,0.001808339,0.002089496,0.002394663,0.002801027,0.003262664,0.003750973,0.004270076,0.004869036,0.005496376,0.006228601,0.007003491,0.007875321,0.00890722,0.010154603,0.011535043,0.012994429,0.014607914,0.016351271,0.018281971,0.020371957,0.022567871,0.024801671,0.026941943,0.028913171,0.0307036,0.032216929,0.033469929,0.034434314,0.0352609,0.035931486,0.036559129,0.037027871,0.037419257,0.037778943,0.038092814,0.038397529,0.038671186,0.0389243,0.039147543,0.039316029
13.8,2.48E-16,-1.22E-08,-3.53E-07,-1.01E-06,-2.30E-06,-3.17E-06,-4.06E-06,-5.76E-06,-7.36E-06,-9.26E-06,-1.16E-05,-1.42E-05,-1.72E-05,-2.06E-05,-2.45E-05,-2.81E-05,-3.26E-05,-3.67E-05,-4.16E-05,-4.61E-05,-5.15E-05,-5.64E-05,-6.13E-05,-6.61E-05,-6.99E-05,-7.43E-05,-7.59E-05,-7.82E-05,-7.75E-05,-7.47E-05,-6.65E-05,-5.48E-05,-3.83E-05,-1.29E-05,1.69E-05,6.14E-05,0.000114837,0.000184982,0.000274405,0.000416839,0.000575636,0.000739177,0.000933919,0.001130966,0.001360362,0.001604893,0.00187193,0.002147599,0.002522347,0.002950597,0.003389821,0.003875161,0.004408112,0.004991391,0.005644108,0.00635397,0.007136017,0.008070735,0.009218661,0.010476369,0.011829774,0.013319967,0.014936984,0.016724071,0.018676562,0.02079067,0.02301981,0.025258474,0.027385581,0.029360191,0.031076311,0.032493805,0.033667166,0.034637421,0.035445841,0.03615698,0.036690228,0.037144465,0.037546134,0.037921252,0.038254368,0.038583625,0.038860787,0.039126948,0.039318611
14,2.48E-16,1.79E-09,-3.36E-07,-9.49E-07,-2.20E-06,-2.99E-06,-3.89E-06,-5.43E-06,-7.05E-06,-8.75E-06,-1.11E-05,-1.35E-05,-1.64E-05,-1.97E-05,-2.33E-05,-2.70E-05,-3.10E-05,-3.54E-05,-3.98E-05,-4.45E-05,-4.96E-05,-5.45E-05,-5.96E-05,-6.40E-05,-6.88E-05,-7.25E-05,-7.57E-05,-7.76E-05,-7.88E-05,-7.69E-05,-7.11E-05,-6.27E-05,-4.86E-05,-0.000029669,-3.41E-06,3.10E-05,7.75E-05,0.000134117,0.000210163,0.000331819,0.00047472,0.00062652,0.000802452,0.000987485,0.001195215,0.001424275,0.001667625,0.001923055,0.002268255,0.00266078,0.00306653,0.003507465,0.003998695,0.00452498,0.005122585,0.005762315,0.00647012,0.007314625,0.008361365,0.00951506,0.0107482,0.0121211,0.0136195,0.01527465,0.0170851,0.01906255,0.02121445,0.02348325,0.0257106,0.0278405,0.02974755,0.0313657,0.03271475,0.03387845,0.03484075,0.0356792,0.03631095,0.03682585,0.03728335,0.0377112,0.03809835,0.0384687,0.03879095,0.039091,0.03931625
14.2,2.48E-16,1.38E-08,-3.20E-07,-8.94E-07,-2.10E-06,-2.84E-06,-3.71E-06,-5.13E-06,-6.73E-06,-8.29E-06,-1.06E-05,-1.29E-05,-1.56E-05,-1.88E-05,-2.22E-05,-2.59E-05,-2.96E-05,-3.40E-05,-3.80E-05,-4.28E-05,-4.76E-05,-5.25E-05,-5.78E-05,-6.20E-05,-6.73E-05,-7.08E-05,-7.49E-05,-7.68E-05,-7.94E-05,-7.83E-05,-7.45E-05,-6.86E-05,-5.71E-05,-4.28E-05,-2.04E-05,6.52E-06,4.62E-05,9.20E-05,0.000156457,0.000258483,0.000383731,0.000523242,0.000682851,0.000855318,0.001044152,0.001258343,0.001480148,0.001717251,0.002035192,0.002395981,0.002770436,0.003172109,0.003625126,0.004101721,0.004649702,0.005227046,0.005868974,0.006632464,0.007585382,0.008637814,0.009758926,0.011018334,0.012385976,0.013930558,0.015598603,0.017433385,0.019450189,0.021672086,0.023938243,0.026170495,0.028238303,0.030060812,0.031607528,0.03295593,0.034100219,0.035097912,0.035861615,0.036469353,0.036993126,0.037475407,0.037923694,0.038340237,0.038712553,0.03905226,0.039314253
14.4,2.48E-16,2.21E-08,-3.06E-07,-8.49E-07,-1.99E-06,-2.72E-06,-3.48E-06,-4.95E-06,-6.32E-06,-7.99E-06,-9.98E-06,-1.23E-05,-1.49E-05,-1.79E-05,-2.14E-05,-2.45E-05,-2.87E-05,-3.21E-05,-3.68E-05,-4.08E-05,-4.60E-05,-5.07E-05,-5.55E-05,-6.06E-05,-6.46E-05,-7.00E-05,-7.25E-05,-7.69E-05,-7.84E-05,-7.96E-05,-7.69E-05,-7.22E-05,-0.000065223,-5.12E-05,-3.69E-05,-1.07E-05,1.76E-05,5.94E-05,0.000110254,0.0001969,0.00030465,0.000426073,0.000578414,0.000728797,0.000911451,0.001100523,0.00131246,0.001526167,0.00182133,0.002156413,0.00249448,0.00287261,0.003276419,0.003723529,0.004212967,0.004746676,0.005322779,0.006014926,0.006884774,0.007834219,0.008862726,0.00999725,0.011260314,0.012663614,0.014222571,0.015906443,0.0177745,0.019891071,0.022118557,0.024392943,0.026580443,0.028573486,0.0303374,0.031874171,0.033209129,0.034384271,0.0353062,0.036051471,0.036662914,0.037224043,0.037713614,0.038200843,0.038613286,0.039009143,0.039308857
14.6,2.48E-16,3.51E-08,-2.90E-07,-7.90E-07,-1.91E-06,-2.54E-06,-3.38E-06,-4.57E-06,-6.14E-06,-7.42E-06,-9.62E-06,-1.16E-05,-1.42E-05,-1.72E-05,-2.01E-05,-2.38E-05,-2.68E-05,-3.14E-05,-3.47E-05,-3.96E-05,-4.39E-05,-4.87E-05,-5.41E-05,-5.77E-05,-6.41E-05,-6.67E-05,-7.26E-05,-7.42E-05,-7.90E-05,-7.91E-05,-7.83E-05,-7.64E-05,-6.84E-05,-6.21E-05,-4.48E-05,-3.05E-05,-5.01E-07,2.78E-05,7.45E-05,0.000145396,0.000233881,0.000345305,0.00047391,0.000624241,0.00077801,0.000966335,0.001149769,0.001355346,0.001625591,0.00193091,0.002252644,0.00258564,0.002974644,0.003364598,0.003830188,0.004301886,0.004833572,0.005460906,0.006247639,0.007120764,0.008033863,0.009083782,0.010210239,0.01151615,0.012923953,0.014494851,0.016206544,0.018191787,0.020321437,0.022562417,0.024808486,0.026947305,0.028888126,0.03064356,0.032161221,0.033529396,0.034636019,0.035531667,0.036287526,0.036929168,0.037502268,0.038026548,0.038516079,0.038951696,0.039303279
14.8,2.48E-16,3.92E-08,-2.78E-07,-7.58E-07,-1.79E-06,-2.47E-06,-3.12E-06,-4.51E-06,-5.65E-06,-7.28E-06,-8.96E-06,-1.12E-05,-1.35E-05,-1.62E-05,-1.96E-05,-2.21E-05,-2.64E-05,-2.92E-05,-3.41E-05,-3.73E-05,-4.25E-05,-4.70E-05,-5.15E-05,-5.70E-05,-6.04E-05,-6.69E-05,-6.87E-05,-7.47E-05,-7.64E-05,-7.97E-05,-7.92E-05,-7.70E-05,-7.51E-05,-6.45E-05,-5.87E-05,-3.83E-05,-2.31E-05,8.26E-06,4.09E-05,0.000102559,0.000179426,0.000265034,0.000392327,0.000512729,0.000672908,0.000827575,0.001012855,0.001191429,0.001445173,0.001732059,0.002014996,0.002342513,0.002674869,0.003058441,0.003460129,0.00391089,0.004382095,0.004954004,0.005677681,0.006455888,0.007305626,0.008227501,0.009275659,0.010437207,0.011746593,0.013166607,0.014751014,0.0165989,0.018598814,0.020744057,0.022981864,0.025199907,0.0273063,0.029235736,0.030974386,0.032526064,0.0338257,0.0349216,0.035808607,0.036606621,0.037252136,0.037863121,0.038392214,0.03890695,0.039303529
15,2.48E-16,5.22E-08,-2.64E-07,-6.99E-07,-1.74E-06,-2.29E-06,-3.08E-06,-4.09E-06,-5.57E-06,-6.66E-06,-8.73E-06,-1.05E-05,-1.29E-05,-1.56E-05,-1.82E-05,-2.18E-05,-2.44E-05,-2.88E-05,-3.17E-05,-3.65E-05,-4.04E-05,-4.51E-05,-5.03E-05,-5.37E-05,-6.03E-05,-6.26E-05,-6.94E-05,-7.09E-05,-7.70E-05,-7.79E-05,-7.92E-05,-7.98E-05,-7.47E-05,-7.36E-05,-6.06E-05,-5.43E-05,-3.21E-05,-1.55E-05,1.80E-05,6.68E-05,0.000128293,0.000209322,0.000303705,0.000431303,0.000556314,0.000719868,0.000871827,0.001049732,0.001279705,0.001539579,0.001816174,0.002095145,0.002430228,0.002752626,0.003150085,0.003538475,0.003983168,0.004501161,0.005152828,0.005879029,0.006621165,0.007487917,0.008399875,0.00948307,0.010647337,0.011961884,0.013396542,0.015116976,0.016987008,0.018998894,0.021158952,0.02339353,0.025594535,0.027694006,0.029610555,0.031376329,0.03288062,0.034159565,0.03525867,0.03617711,0.03699392,0.037658772,0.038281454,0.038842167,0.03930693
15.2,2.48E-16,5.50E-08,-2.54E-07,-6.72E-07,-1.63E-06,-2.23E-06,-2.84E-06,-4.05E-06,-5.12E-06,-6.55E-06,-8.12E-06,-1.02E-05,-1.23E-05,-1.48E-05,-1.78E-05,-0.000020252,-2.41E-05,-2.68E-05,-3.12E-05,-3.43E-05,-3.91E-05,-4.34E-05,-4.78E-05,-5.29E-05,-5.67E-05,-6.26E-05,-6.53E-05,-7.11E-05,-7.38E-05,-7.78E-05,-7.89E-05,-7.90E-05,-7.92E-05,-7.32E-05,-7.07E-05,-5.75E-05,-4.84E-05,-2.72E-05,-5.39E-06,3.77E-05,9.16E-05,0.000152095,0.000243687,0.00033861,0.000471175,0.000602664,0.00075878,0.000911359,0.001128303,0.001372879,0.001615323,0.001893594,0.002176873,0.00250043,0.00284082,0.003218011,0.00361099,0.004087436,0.004689451,0.005336751,0.0060347,0.006789813,0.007643156,0.008593707,0.009671084,0.010846557,0.012157986,0.013748871,0.015482471,0.017366571,0.019410514,0.021593743,0.023839514,0.026041043,0.028126843,0.030074757,0.031799143,0.0332995,0.034567143,0.035708757,0.036648129,0.037480671,0.0381515,0.038804929,0.039330786
15.4,2.48E-16,6.44E-08,-2.41E-07,-6.25E-07,-1.57E-06,-2.08E-06,-2.77E-06,-3.73E-06,-5.00E-06,-6.07E-06,-7.84E-06,-9.58E-06,-1.17E-05,-1.42E-05,-1.67E-05,-1.97E-05,-2.25E-05,-2.62E-05,-2.93E-05,-3.33E-05,-3.73E-05,-4.16E-05,-4.64E-05,-5.02E-05,-5.59E-05,-5.92E-05,-6.49E-05,-6.78E-05,-7.33E-05,-7.58E-05,-7.81E-05,-7.99E-05,-7.84E-05,-7.82E-05,-7.16E-05,-6.73E-05,-5.43E-05,-4.26E-05,-2.09E-05,1.33E-05,5.67E-05,0.000112559,0.000181369,0.000272646,0.000377557,0.000510889,0.000642582,0.000791444,0.000988732,0.00121193,0.001445395,0.001688444,0.001968229,0.002247186,0.002579174,0.002910089,0.003280125,0.003713383,0.004260204,0.00486335,0.005480731,0.006186366,0.006934786,0.007814363,0.008768078,0.009843699,0.011024542,0.012481603,0.014095633,0.015835645,0.017766426,0.019868642,0.02209631,0.024353311,0.02654832,0.028655861,0.030586209,0.032300837,0.033788412,0.03509099,0.036247757,0.037214961,0.03804095,0.038749317,0.039356425
15.6,2.48E-16,6.82E-08,-2.31E-07,-5.94E-07,-1.49E-06,-2.00E-06,-2.59E-06,-3.62E-06,-4.68E-06,-5.86E-06,-7.38E-06,-9.19E-06,-1.11E-05,-1.35E-05,-1.61E-05,-1.86E-05,-2.18E-05,-2.47E-05,-2.84E-05,-3.16E-05,-3.59E-05,-3.99E-05,-4.44E-05,-4.88E-05,-5.32E-05,-5.81E-05,-6.20E-05,-6.68E-05,-7.08E-05,-7.47E-05,-7.71E-05,-7.89E-05,-8.00E-05,-7.82E-05,-7.66E-05,-7.01E-05,-6.36E-05,-5.11E-05,-3.61E-05,-6.66E-06,3.04E-05,7.40E-05,0.000137096,0.000207095,0.000304756,0.000416941,0.000544768,0.000676405,0.000860627,0.001068634,0.001278973,0.001512786,0.001759827,0.002029599,0.002324241,0.002637991,0.002971032,0.003369696,0.003874624,0.004420289,0.004994741,0.005620813,0.006311251,0.007092646,0.007963891,0.008924795,0.009992625,0.01132805,0.012802164,0.014417743,0.016218443,0.018223836,0.020398221,0.022644479,0.024899586,0.027113721,0.029216529,0.031142086,0.032839943,0.034355343,0.035674571,0.036844729,0.037813514,0.038654771,0.039338843
15.8,2.48E-16,7.41E-08,-2.21E-07,-5.58E-07,-1.42E-06,-1.90E-06,-2.49E-06,-3.41E-06,-4.49E-06,-5.52E-06,-7.05E-06,-8.72E-06,-1.06E-05,-1.29E-05,-1.53E-05,-1.79E-05,-2.07E-05,-2.37E-05,-2.70E-05,-3.04E-05,-3.43E-05,-3.83E-05,-4.27E-05,-4.67E-05,-5.16E-05,-5.57E-05,-6.05E-05,-6.44E-05,-6.92E-05,-7.29E-05,-7.57E-05,-7.84E-05,-7.94E-05,-7.99E-05,-7.78E-05,-7.48E-05,-6.84E-05,-6.01E-05,-4.70E-05,-2.32E-05,6.97E-06,4.48E-05,9.54E-05,0.000157449,0.000236202,0.000337738,0.000450735,0.00057388,0.000742714,0.000933904,0.001131319,0.001343468,0.00157733,0.001820867,0.00209861,0.002382891,0.002691769,0.003056882,0.003519225,0.004023208,0.004543738,0.005119291,0.00573732,0.006450312,0.007231055,0.008099027,0.0090581,0.010270827,0.011623822,0.013099364,0.014777064,0.016678038,0.018775386,0.020975042,0.023228606,0.025494131,0.027722608,0.029820968,0.031722789,0.033443097,0.03496746,0.036304325,0.037458917,0.038452113,0.039252812
16,2.48E-16,7.85E-08,-2.11E-07,-5.27E-07,-1.35E-06,-1.81E-06,-2.37E-06,-3.24E-06,-4.27E-06,-5.24E-06,-6.70E-06,-8.31E-06,-1.01E-05,-1.23E-05,-1.46E-05,-1.70E-05,-1.97E-05,-2.27E-05,-2.58E-05,-0.000029058,-3.29E-05,-3.68E-05,-4.10E-05,-4.50E-05,-4.97E-05,-5.38E-05,-5.85E-05,-6.25E-05,-6.73E-05,-7.11E-05,-7.43E-05,-7.72E-05,-7.90E-05,-8.01E-05,-7.92E-05,-7.74E-05,-7.28E-05,-6.66E-05,-5.62E-05,-3.68E-05,-1.18E-05,1.95E-05,6.21E-05,0.000113999,0.000180491,0.000266499,0.000366762,0.000479378,0.000634367,0.000810962,0.000993289,0.00118961,0.001406149,0.001631307,0.001888351,0.002149824,0.002434819,0.00276976,0.003195713,0.003658293,0.004134843,0.004659986,0.005219871,0.005866603,0.006570634,0.007353624,0.00821359,0.009314826,0.010545314,0.0118923,0.013438057,0.015211414,0.017216229,0.019331614,0.021551,0.023813329,0.026118557,0.028349714,0.030417886,0.032333914,0.034058386,0.035591729,0.036917014,0.038084586,0.039041371
16.2,2.48E-16,8.17E-08,-2.03E-07,-4.98E-07,-1.29E-06,-1.72E-06,-2.24E-06,-3.11E-06,-4.05E-06,-5.02E-06,-6.34E-06,-7.94E-06,-9.62E-06,-1.17E-05,-1.40E-05,-1.62E-05,-1.90E-05,-2.15E-05,-2.48E-05,-2.77E-05,-3.16E-05,-3.52E-05,-3.94E-05,-4.34E-05,-4.76E-05,-5.21E-05,-5.62E-05,-6.08E-05,-6.50E-05,-6.94E-05,-7.25E-05,-7.58E-05,-7.84E-05,-7.94E-05,-8.05E-05,-7.84E-05,-7.68E-05,-7.10E-05,-6.40E-05,-4.76E-05,-2.71E-05,-2.04E-06,3.52E-05,7.63E-05,0.000135082,0.000204407,0.000293207,0.000392052,0.000535612,0.000698135,0.000865083,0.001049526,0.001245449,0.001459061,0.001691385,0.00193745,0.002196302,0.002506714,0.002899704,0.003322464,0.00376414,0.004236994,0.0047533,0.0053331,0.005976508,0.006678258,0.007453567,0.00844998,0.009562447,0.010790201,0.012198966,0.013848873,0.015714864,0.017745688,0.019884951,0.022113019,0.024444883,0.026761408,0.028958802,0.031035699,0.032949705,0.034676998,0.036192913,0.037532601,0.03866295
16.4,2.48E-16,8.60E-08,-1.93E-07,-4.68E-07,-1.23E-06,-1.63E-06,-2.15E-06,-2.92E-06,-3.90E-06,-4.70E-06,-6.08E-06,-7.51E-06,-9.18E-06,-1.12E-05,-1.33E-05,-1.56E-05,-1.79E-05,-2.08E-05,-2.35E-05,-2.67E-05,-3.01E-05,-3.38E-05,-3.79E-05,-4.14E-05,-4.62E-05,-4.97E-05,-5.48E-05,-5.82E-05,-6.35E-05,-6.71E-05,-7.09E-05,-7.45E-05,-7.67E-05,-7.98E-05,-7.94E-05,-8.09E-05,-7.76E-05,-7.60E-05,-6.89E-05,-5.68E-05,-4.02E-05,-1.82E-05,9.93E-06,4.85E-05,9.26E-05,0.000156536,0.000226242,0.000316347,0.000444395,0.000593523,0.000750618,0.000914931,0.001104741,0.001292675,0.001517746,0.001735352,0.001981738,0.002263924,0.00262632,0.003020244,0.003416788,0.003861236,0.004317248,0.004859337,0.005430409,0.006072694,0.006766581,0.007668225,0.008682265,0.009784244,0.011080871,0.012586293,0.014342743,0.016227229,0.018287129,0.020427529,0.022744157,0.025097229,0.027376279,0.029578621,0.03164565,0.033555264,0.035263607,0.036788507,0.038095121
16.6,2.48E-16,8.72E-08,-1.88E-07,-4.43E-07,-1.17E-06,-1.56E-06,-2.02E-06,-2.84E-06,-3.65E-06,-4.57E-06,-5.70E-06,-7.24E-06,-8.72E-06,-1.06E-05,-1.28E-05,-1.47E-05,-1.74E-05,-1.96E-05,-2.28E-05,-2.52E-05,-2.90E-05,-3.23E-05,-3.62E-05,-4.01E-05,-4.38E-05,-4.86E-05,-5.20E-05,-5.71E-05,-6.07E-05,-6.57E-05,-6.88E-05,-7.26E-05,-7.62E-05,-7.76E-05,-8.08E-05,-7.94E-05,-8.11E-05,-7.70E-05,-7.46E-05,-6.32E-05,-5.00E-05,-3.39E-05,-6.66E-06,1.97E-05,6.37E-05,0.000109598,0.000175878,0.000245677,0.00036269,0.000499097,0.000640052,0.000799059,0.000963252,0.001150809,0.001344413,0.001558633,0.001775671,0.002041848,0.002376877,0.002733923,0.003110907,0.003500019,0.003936636,0.00440984,0.004947976,0.005515678,0.006148308,0.006965325,0.007872686,0.008882761,0.010021314,0.011401469,0.012980991,0.014751056,0.016657166,0.018704651,0.020948989,0.023290054,0.025611943,0.027883185,0.030074779,0.032124036,0.034016618,0.035729356,0.037229267
16.8,2.48E-16,9.13E-08,-1.76E-07,-4.17E-07,-1.12E-06,-1.47E-06,-1.95E-06,-2.63E-06,-3.55E-06,-4.23E-06,-5.53E-06,-6.79E-06,-8.35E-06,-1.01E-05,-1.21E-05,-1.42E-05,-1.63E-05,-0.000019081,-2.14E-05,-2.45E-05,-2.75E-05,-3.11E-05,-3.48E-05,-3.81E-05,-4.28E-05,-4.59E-05,-5.12E-05,-5.41E-05,-5.97E-05,-6.29E-05,-0.000067262,-7.10E-05,-7.38E-05,-7.80E-05,-7.81E-05,-8.18E-05,-7.95E-05,-8.12E-05,-7.62E-05,-6.96E-05,-5.89E-05,-4.38E-05,-0.000025869,2.80E-06,3.08E-05,0.00007884,0.000125226,0.000192013,0.000287294,0.0004115,0.000545168,0.000681779,0.000848005,0.0010045,0.00120173,0.00138203,0.00159726,0.0018346,0.00214535,0.00248159,0.00281294,0.00319169,0.00356433,0.00402504,0.00448934,0.00502582,0.00558697,0.00632979,0.00716352,0.00805636,0.00913571,0.010374,0.011859,0.0134533,0.0152488,0.0171364,0.0192892,0.0215733,0.0238778,0.0261943,0.0284403,0.030612,0.0326366,0.0345299,0.0362239
